product_id,product_name,brand,retail_price,cost_price,weight,recyclable,low_fat
1,Washington Berry Juice,Washington,2.85,0.94,8.39,no,no
2,Washington Mango Drink,Washington,0.74,0.26,7.42,no,yes
3,Washington Strawberry Drink,Washington,0.83,0.4,13.1,yes,yes
4,Washington Cream Soda,Washington,3.64,1.64,10.6,yes,no
5,Washington Diet Soda,Washington,2.19,0.77,6.66,yes,no
6,Washington Cola,Washington,1.15,0.37,15.8,no,no
7,Washington Diet Cola,Washington,2.61,0.91,18,yes,no
8,Washington Orange Juice,Washington,2.59,0.8,8.97,yes,no
9,Washington Cranberry Juice,Washington,2.42,0.77,7.14,no,no
10,Washington Apple Juice,Washington,1.42,0.5,8.13,yes,no
11,Washington Apple Drink,Washington,3.51,1.65,20,no,yes
12,Jeffers Oatmeal,Jeffers,1.54,0.69,8.9,yes,yes
13,Jeffers Corn Puffs,Jeffers,2.65,1.27,10.4,no,no
14,Jeffers Wheat Puffs,Jeffers,1.93,0.71,21.6,yes,yes
15,Jeffers Grits,Jeffers,2.29,1.08,21.3,no,yes
16,Blue Label Canned Beets,Blue Label,3.83,1.72,21.2,no,yes
17,Blue Label Creamed Corn,Blue Label,2.99,1.5,6.91,yes,yes
18,Blue Label Canned String Beans,Blue Label,2.67,1.17,12.6,yes,no
19,Blue Label Chicken Soup,Blue Label,3.19,1.47,15.2,yes,yes
20,Blue Label Canned Yams,Blue Label,2.78,0.92,21.3,no,yes
21,Blue Label Vegetable Soup,Blue Label,2.33,0.89,19.7,no,yes
22,Blue Label Canned Tomatos,Blue Label,2.29,0.98,15,no,no
23,Blue Label Noodle Soup,Blue Label,1.75,0.56,10.6,yes,no
24,Blue Label Regular Ramen Soup,Blue Label,1.73,0.52,12.8,no,yes
25,Blue Label Chicken Noodle Soup,Blue Label,1.55,0.7,9.48,yes,yes
26,Blue Label Turkey Noodle Soup,Blue Label,0.88,0.37,16.5,yes,yes
27,Blue Label Beef Soup,Blue Label,2.65,1.11,11.2,no,yes
28,Blue Label Canned Peas,Blue Label,3.91,1.64,21.9,yes,no
29,Blue Label Chicken Ramen Soup,Blue Label,1.78,0.62,17.1,no,no
30,Blue Label Canned Tuna in Water,Blue Label,1.41,0.45,9.71,yes,no
31,Blue Label Canned Tuna in Oil,Blue Label,1.55,0.74,17.2,yes,no
32,Blue Label Large Canned Shrimp,Blue Label,2.86,0.89,8.86,no,no
33,Blue Label Fancy Canned Anchovies,Blue Label,1.36,0.49,8.27,no,yes
34,Blue Label Fancy Canned Clams,Blue Label,1.69,0.78,16.7,yes,yes
35,Blue Label Fancy Canned Oysters,Blue Label,2.21,1.02,18.2,no,yes
36,Blue Label Fancy Canned Sardines,Blue Label,1.8,0.88,14,yes,no
37,Blue Label Rice Soup,Blue Label,1.59,0.48,21,yes,yes
38,Green Ribbon Canned Mixed Fruit,Green Ribbon,1.31,0.62,14,yes,yes
39,Green Ribbon Canned Peaches,Green Ribbon,3.11,1.09,17.5,yes,no
40,King Rosy Sunglasses,King,0.99,0.47,11.7,yes,no
41,Queen Eyeglass Screwdriver,Queen,0.89,0.37,8.61,yes,no
42,Queen City Map,Queen,2.82,1.04,13.6,yes,no
43,Club Low Fat Cottage Cheese,Club,1.67,0.55,17.7,yes,no
44,Club Low Fat Sour Cream,Club,2.93,1.08,10.7,no,yes
45,Club Sour Cream,Club,0.53,0.25,13.6,no,no
46,Club Jack Cheese,Club,3.44,1.38,14.4,yes,no
47,Club Muenster Cheese,Club,2.57,1.23,17.8,yes,no
48,Club String Cheese,Club,1.88,0.79,6.31,yes,yes
49,Club Low Fat String Cheese,Club,3.38,1.42,17,no,no
50,Club Havarti Cheese,Club,3.95,1.94,9.95,no,yes
51,Club Head Cheese,Club,1.47,0.44,8.41,no,yes
52,Club Cheese Spread,Club,2.17,0.91,14.5,yes,yes
53,Club Sharp Cheddar Cheese,Club,3.61,1.77,18.8,yes,yes
54,Club Mild Cheddar Cheese,Club,2.93,1.35,9.58,no,yes
55,Club Large Curd Cottage Cheese,Club,3.5,1.51,14.3,yes,no
56,Club 2% Milk,Club,0.71,0.28,20.6,yes,no
57,Club Buttermilk,Club,0.61,0.29,20.1,no,no
58,Club Chocolate Milk,Club,2.31,0.69,15.5,no,no
59,Club 1% Milk,Club,1.4,0.55,18.8,no,no
60,Club Whole Milk,Club,2.66,1.2,7.03,no,no
61,Club Strawberry Yogurt,Club,0.74,0.37,13.4,no,yes
62,Club Blueberry Yogurt,Club,3.82,1.72,14.1,no,yes
63,Red Spade Chicken Hot Dogs,Red Spade,2.95,0.91,20.3,yes,yes
64,Red Spade Pimento Loaf,Red Spade,1.61,0.58,13.2,yes,no
65,Red Spade Beef Bologna,Red Spade,3.76,1.54,10.3,no,yes
66,Red Spade Low Fat Bologna,Red Spade,3.44,1.62,11.9,yes,yes
67,Red Spade Turkey Hot Dogs,Red Spade,1.86,0.91,6.15,no,yes
68,Red Spade Foot-Long Hot Dogs,Red Spade,3.56,1.6,16,yes,yes
69,Red Spade Low Fat Cole Slaw,Red Spade,3.1,1.09,16.7,yes,yes
70,Red Spade Cole Slaw,Red Spade,0.97,0.42,8.83,no,no
71,Red Spade Roasted Chicken,Red Spade,2.76,1.27,21.8,no,no
72,Red Spade Corned Beef,Red Spade,2.74,1.01,20.2,no,yes
73,Red Spade Sliced Turkey,Red Spade,2.33,0.82,19.1,no,no
74,Red Spade Sliced Ham,Red Spade,1.57,0.61,6.13,no,yes
75,Red Spade Potato Salad,Red Spade,0.68,0.24,16.9,no,yes
76,Red Spade Sliced Chicken,Red Spade,1.69,0.69,18.1,no,yes
77,Blue Medal Small Brown Eggs,Blue Medal,2.8,1.12,14.7,no,yes
78,Blue Medal Large Brown Eggs,Blue Medal,2.19,0.92,19.5,yes,yes
79,Blue Medal Small Eggs,Blue Medal,1.32,0.54,12.4,no,yes
80,Blue Medal Large Eggs,Blue Medal,3.63,1.42,17.1,no,no
81,Blue Medal Egg Substitute,Blue Medal,2.13,0.87,17,no,no
82,Golden Low Fat Waffles,Golden,2.7,1.19,21.3,no,yes
83,Golden Orange Popsicles,Golden,3.88,1.63,18,yes,no
84,Golden Frozen Chicken Breast,Golden,2.81,1.29,14.6,no,no
85,Golden Frozen Pancakes,Golden,1.36,0.54,7.12,no,yes
86,Golden Low Fat French Fries,Golden,2.97,1.4,14.2,no,yes
87,Golden Frozen Sausage Pizza,Golden,1.78,0.71,19,yes,no
88,Golden Blueberry Waffles,Golden,0.86,0.34,7.86,yes,no
89,Golden Fajita French Fries,Golden,1.59,0.62,20.5,no,no
90,Golden Waffles,Golden,0.77,0.24,10.2,no,yes
91,Golden Frozen Pepperoni Pizza,Golden,2.68,1.34,12.8,yes,yes
92,Golden Frozen Cheese Pizza,Golden,0.83,0.31,17.1,yes,no
93,Golden Frozen Mushroom Pizza,Golden,0.96,0.37,16.4,yes,no
94,Golden Apple Cinnamon Waffles,Golden,0.62,0.25,7.9,yes,no
95,Golden Frozen Carrots,Golden,1.46,0.69,8.58,yes,no
96,Golden Turkey TV Dinner,Golden,2.11,0.91,10.7,yes,yes
97,Golden Chicken TV Dinner,Golden,0.59,0.28,18.3,yes,no
98,Golden Beef TV Dinner,Golden,1.83,0.79,9.43,no,no
99,Golden Pancake Mix,Golden,2.36,1.09,8.83,yes,yes
100,Golden Grape Popsicles,Golden,1.95,0.62,9.49,yes,yes
101,Golden Home Style French Fries,Golden,0.72,0.26,20.6,no,yes
102,Golden Lime Popsicles,Golden,2.45,0.81,18.2,no,yes
103,Golden Ice Cream,Golden,0.95,0.41,9.81,yes,no
104,Golden Ice Cream Sandwich,Golden,3.89,1.59,12.3,no,yes
105,Golden Frozen Cauliflower,Golden,3.72,1.67,6.16,yes,no
106,Golden Frozen Broccoli,Golden,2.96,1.39,14.6,yes,yes
107,Golden Frozen Corn,Golden,1.81,0.8,19.9,no,no
108,Golden Frozen Peas,Golden,2.19,1.01,11.9,yes,yes
109,Golden Popsicles,Golden,3.95,1.38,19,no,no
110,Golden Frozen Chicken Thighs,Golden,2.35,0.73,12,yes,yes
111,Golden Frozen Chicken Wings,Golden,3.48,1.25,15.4,yes,yes
112,Golden Lemon Popsicles,Golden,1.13,0.41,9.35,no,yes
113,Faux Products Silky Smooth Hair Conditioner,Faux Products,2.29,1.05,19.7,yes,no
114,Faux Products Tartar Control Toothpaste,Faux Products,0.92,0.43,20.6,no,no
115,Faux Products Whitening Toothpast,Faux Products,0.65,0.2,20.6,yes,no
116,Faux Products Toothpaste,Faux Products,3.97,1.51,8.33,yes,no
117,Faux Products Deodorant,Faux Products,2.75,1.29,9.24,no,no
118,Faux Products Conditioning Shampoo,Faux Products,1.48,0.46,8.27,yes,no
119,Faux Products Extra Moisture Shampoo,Faux Products,2.28,1.03,20.1,no,no
120,Faux Products Angled Toothbrush,Faux Products,2.26,0.75,12.9,no,no
121,Faux Products Apricot Shampoo,Faux Products,2.98,1.34,11.6,yes,no
122,Faux Products Childrens Aspirin,Faux Products,1.99,0.84,12.5,no,no
123,Faux Products Buffered Aspirin,Faux Products,3.84,1.54,12.4,no,no
124,Faux Products 200 MG Ibuprofen,Faux Products,1.21,0.41,13.3,yes,no
125,Faux Products 200 MG Acetominifen,Faux Products,2.32,0.88,11.1,no,no
126,Faux Products HCL Nasal Spray,Faux Products,1.61,0.77,20.8,yes,no
127,Faux Products Dishwasher Detergent,Faux Products,1.74,0.85,16.7,yes,no
128,Faux Products Multi-Symptom Cold Remedy,Faux Products,0.53,0.19,14.5,no,no
129,Faux Products Childrens Cold Remedy,Faux Products,1.55,0.67,9.49,yes,no
130,Faux Products Laundry Detergent,Faux Products,2.23,0.83,21.3,yes,no
131,Faux Products Mint Mouthwash,Faux Products,2.4,0.74,19.1,no,no
132,Denny 60 Watt Lightbulb,Denny,1.92,0.71,20,yes,no
133,Denny Plastic Forks,Denny,0.7,0.29,14,no,no
134,Denny Plastic Spoons,Denny,2.43,1.09,6.83,yes,no
135,Denny Plastic Knives,Denny,3.89,1.71,7.74,no,no
136,Denny C-Size Batteries,Denny,3.87,1.86,17.4,no,no
137,Denny 100 Watt Lightbulb,Denny,3.7,1.78,13.3,yes,no
138,Denny AAA-Size Batteries,Denny,2.7,1.22,12.3,yes,no
139,Denny Paper Plates,Denny,1.79,0.84,21.1,no,no
140,Denny Paper Cups,Denny,1.82,0.8,6.03,no,no
141,Denny 75 Watt Lightbulb,Denny,3.93,1.97,15.7,yes,no
142,Denny Toilet Bowl Cleaner,Denny,2.32,1.14,8.48,no,no
143,Denny Counter Cleaner,Denny,2.46,1.03,9.39,no,no
144,Denny Glass Cleaner,Denny,0.51,0.25,20.3,yes,no
145,Denny 25 Watt Lightbulb,Denny,2.27,0.73,21.2,no,no
146,Denny AA-Size Batteries,Denny,3.83,1.3,14,yes,no
147,Denny D-Size Batteries,Denny,0.64,0.25,13,yes,no
148,Denny Paper Towels,Denny,3.95,1.3,8.94,yes,no
149,Denny Soft Napkins,Denny,2.49,1.1,17.6,yes,no
150,Denny Scented Tissue,Denny,3.45,1.55,18.6,yes,no
151,Denny Toilet Paper,Denny,2.91,1.08,12.3,yes,no
152,Denny Tissues,Denny,2.89,1.04,17.2,yes,no
153,Denny Scented Toilet Tissue,Denny,2.72,0.95,18.1,no,no
154,Denny Room Freshener,Denny,1.96,0.67,16.8,yes,no
155,Denny Frying Pan,Denny,3.81,1.79,20.6,yes,no
156,Denny Copper Cleaner,Denny,0.55,0.23,21.5,no,no
157,Denny Bees Wax Candles,Denny,2.95,1.3,20.2,yes,no
158,Denny Silver Cleaner,Denny,1.58,0.54,21.1,no,no
159,Denny Copper Pot Scrubber,Denny,1.71,0.74,10.1,no,no
160,Denny Economy Toilet Brush,Denny,2.13,1.04,9.18,no,no
161,Denny Scissors,Denny,1.52,0.64,10,yes,no
162,Denny Large Sponge,Denny,2.85,1.23,13.8,yes,no
163,Denny Screw Driver,Denny,2.38,0.83,14.7,no,no
164,Ship Shape Extra Lean Hamburger,Ship Shape,2.97,1.46,13.4,yes,yes
165,Ship Shape Seasoned Hamburger,Ship Shape,1.75,0.61,8.26,no,no
166,Robust Monthly Sports Magazine,Robust,2.47,1.04,11.2,yes,no
167,Robust Monthly Auto Magazine,Robust,0.6,0.22,14.4,no,no
168,Robust Monthly Computer Magazine,Robust,1.26,0.57,10.4,no,no
169,Robust Monthly Home Magazine,Robust,1.98,0.71,19.5,yes,no
170,Robust Monthly Fashion Magazine,Robust,3.2,1.44,9.56,no,no
171,High Top Summer Squash,High Top,2.95,1.27,18.7,no,no
172,High Top Corn on the Cob,High Top,3.32,1.03,16.1,no,yes
173,High Top Asparagus,High Top,1.43,0.6,21.9,no,no
174,High Top Sweet Peas,High Top,1.71,0.62,13.4,yes,no
175,High Top New Potatos,High Top,3.85,1.58,6.82,yes,yes
176,High Top Beets,High Top,2.27,0.75,12.1,yes,no
177,High Top Prepared Salad,High Top,1.66,0.81,10.5,no,no
178,High Top Onions,High Top,1.33,0.41,19.5,yes,yes
179,High Top Green Pepper,High Top,2.75,0.88,19.7,no,yes
180,High Top Shitake Mushrooms,High Top,0.69,0.32,12.3,no,no
181,High Top Lettuce,High Top,0.93,0.35,16.1,no,yes
182,High Top Elephant Garlic,High Top,1.84,0.66,9.05,no,yes
183,High Top Red Pepper,High Top,2.41,1.04,7.06,yes,no
184,High Top Garlic,High Top,3.4,1.67,20,yes,yes
185,High Top Potatos,High Top,0.57,0.22,9.3,yes,no
186,High Top Cauliflower,High Top,2.23,1.05,18.7,no,no
187,High Top Tomatos,High Top,1.32,0.42,14.8,no,yes
188,High Top Mushrooms,High Top,2.58,0.8,14.7,yes,yes
189,High Top Baby Onion,High Top,3.45,1.24,8.51,yes,no
190,High Top Dried Mushrooms,High Top,3.74,1.5,18.7,yes,yes
191,High Top Fresh Lima Beans,High Top,2.87,1.06,12.6,yes,no
192,High Top Squash,High Top,1.52,0.61,10.7,no,yes
193,High Top Limes,High Top,3.68,1.62,11.8,yes,no
194,High Top Firm Tofu,High Top,3.36,1.28,11.6,yes,yes
195,High Top Almonds,High Top,1.77,0.55,8.72,no,yes
196,High Top Macintosh Apples,High Top,2.47,0.79,12.1,yes,yes
197,High Top Golden Delcious Apples,High Top,2.91,1.46,21.5,no,yes
198,High Top Red Delcious Apples,High Top,0.92,0.31,17.2,yes,yes
199,High Top Lemons,High Top,1.67,0.73,19.2,yes,no
200,High Top Fancy Plums,High Top,2.65,1.3,6.74,no,no
201,High Top Plums,High Top,2.25,0.88,14.7,no,no
202,High Top Peaches,High Top,1.49,0.7,11.8,no,no
203,High Top Broccoli,High Top,0.63,0.2,8.85,yes,no
204,High Top Mandarin Oranges,High Top,1.6,0.62,13.6,no,no
205,High Top Mixed Nuts,High Top,2.71,1.25,13.9,yes,no
206,High Top Canned Peanuts,High Top,2.11,0.89,10.9,no,yes
207,High Top Sweet Onion,High Top,1.24,0.55,13.5,yes,yes
208,High Top Cantelope,High Top,2.47,1.11,13.4,yes,yes
209,High Top Honey Dew,High Top,1.87,0.58,17.3,yes,no
210,High Top Fuji Apples,High Top,1.54,0.55,17,no,yes
211,High Top Walnuts,High Top,2.72,1.22,14.5,yes,no
212,High Top Oranges,High Top,1.66,0.58,9.78,no,no
213,High Top Tangerines,High Top,0.56,0.19,7.22,yes,no
214,High Top Party Nuts,High Top,2.82,1.07,21.6,yes,yes
215,Tip Top Lox,Tip Top,0.79,0.33,14.1,yes,no
216,Tip Top Scallops,Tip Top,3.6,1.48,21.3,yes,yes
217,Best Choice Low Fat Cookies,Best Choice,0.68,0.29,16,yes,no
218,Best Choice BBQ Potato Chips,Best Choice,3.44,1.65,16.2,no,no
219,Best Choice Corn Chips,Best Choice,2.52,0.83,20.6,yes,yes
220,Best Choice Low Fat BBQ Chips,Best Choice,2.55,0.77,12.2,no,yes
221,Best Choice Sugar Cookies,Best Choice,3.66,1.43,15.2,no,no
222,Best Choice Chocolate Chip Cookies,Best Choice,3.95,1.22,15,no,yes
223,Best Choice Fudge Cookies,Best Choice,3.19,1.28,20.3,yes,no
224,Best Choice Fudge Brownies,Best Choice,1.73,0.61,8.24,no,no
225,Best Choice Potato Chips,Best Choice,3.89,1.87,19.8,no,no
226,Best Choice Lemon Cookies,Best Choice,0.76,0.33,10.4,yes,yes
227,Best Choice Graham Crackers,Best Choice,1.98,0.87,15.7,no,yes
228,Best Choice Cheese Crackers,Best Choice,0.82,0.41,8.71,no,yes
229,Best Choice Buttered Popcorn,Best Choice,2.23,1,13.6,no,no
230,Best Choice No Salt Popcorn,Best Choice,1.19,0.46,14.7,yes,yes
231,Best Choice Low Fat Popcorn,Best Choice,2.65,1.01,10,no,no
232,Best Choice Salsa Dip,Best Choice,2.63,0.84,16.1,no,no
233,Best Choice Avocado Dip,Best Choice,2.46,1.23,18.6,yes,no
234,Best Choice Salted Pretzels,Best Choice,2.7,1.03,14.4,no,yes
235,Best Choice Cheese Dip,Best Choice,3.55,1.21,11.5,no,no
236,Best Choice Fondue Mix,Best Choice,1.81,0.67,10.8,no,yes
237,Best Choice Mini Donuts,Best Choice,2.68,1.07,21.6,yes,yes
238,Best Choice Beef Jerky,Best Choice,1.97,0.85,8.17,no,yes
239,Best Choice Chocolate Donuts,Best Choice,2.21,0.77,16.5,yes,yes
240,Best Choice Low Fat Chips,Best Choice,0.86,0.4,7.13,no,yes
241,Best Choice Sesame Crackers,Best Choice,2.91,1.02,21.5,yes,no
242,Best Choice Frosted Cookies,Best Choice,2.59,1.01,9.51,no,yes
243,Best Choice Dried Apples,Best Choice,2.11,0.99,6.6,yes,yes
244,Best Choice Apple Fruit Roll,Best Choice,2.7,0.84,7.29,yes,yes
245,Best Choice Strawberry Fruit Roll,Best Choice,1.49,0.46,9.9,no,no
246,Best Choice Raspberry Fruit Roll,Best Choice,3.21,1.22,18.8,yes,no
247,Best Choice Grape Fruit Roll,Best Choice,1.78,0.85,13,no,no
248,Best Choice Dried Dates,Best Choice,0.86,0.31,14.7,yes,yes
249,Best Choice Raisins,Best Choice,1.59,0.68,20,no,no
250,Best Choice Golden Raisins,Best Choice,2.59,0.83,13.4,no,no
251,Best Choice Dried Apricots,Best Choice,2.44,1.12,18.6,no,no
252,Best Choice Frosted Donuts,Best Choice,2.71,1.33,20.7,no,no
253,Choice Tasty Candy Bar,Choice,0.89,0.38,18.2,no,yes
254,Choice Mint Chocolate Bar,Choice,0.56,0.2,11.6,no,yes
255,Choice Malted Milk Balls,Choice,0.64,0.24,8.65,no,yes
256,Choice Semi-Sweet Chocolate Bar,Choice,2.65,0.82,21.7,yes,no
257,Choice Bubble Gum,Choice,0.53,0.16,6.89,no,yes
258,Choice Spicy Mints,Choice,1.72,0.6,18.6,yes,no
259,Choice Mints,Choice,1.9,0.84,18.4,yes,no
260,Choice White Chocolate Bar,Choice,1.84,0.72,21.9,no,no
261,Medalist Ravioli,Medalist,3.38,1.42,17.5,yes,no
262,Medalist Manicotti,Medalist,1.34,0.44,21,yes,no
263,Medalist Spaghetti,Medalist,3.8,1.33,13.9,yes,no
264,Medalist Thai Rice,Medalist,2.78,1.25,18.7,yes,yes
265,Medalist Rice Medly,Medalist,3.61,1.19,10.7,yes,yes
266,Good Imported Beer,Good,1.62,0.76,6.89,no,no
267,Good Light Wine,Good,0.83,0.28,6.98,no,no
268,Good Chardonnay Wine,Good,1.73,0.54,9.26,no,no
269,Good Chablis Wine,Good,2.84,1.25,10.5,no,no
270,Good Merlot Wine,Good,2.24,0.78,9.71,yes,no
271,Good Chardonnay,Good,2.37,1.16,12,yes,no
272,Good White Zinfandel Wine,Good,3.91,1.92,7.07,yes,no
273,Good Light Beer,Good,2.18,1.02,9.35,no,no
274,Great Pumpernickel Bread,Great,3.74,1.68,8.5,no,yes
275,Great White Bread,Great,3.27,1.41,17.4,yes,no
276,Great Rye Bread,Great,3.86,1.51,6.2,yes,yes
277,Great English Muffins,Great,2.41,1.18,11.5,no,yes
278,Great Cranberry Muffins,Great,3.36,1.04,8.55,yes,yes
279,Great Muffins,Great,2.82,1.3,6.44,no,yes
280,Great Bagels,Great,1.81,0.74,6.29,no,no
281,Great Blueberry Muffins,Great,2.63,1.13,10.1,yes,yes
282,Great Wheat Bread,Great,0.93,0.36,13.6,yes,no
283,Super Sesame Oil,Super,2.73,0.96,17.5,yes,yes
284,Super Chunky Peanut Butter,Super,0.99,0.49,7.71,no,yes
285,Super Hot Chocolate,Super,1.86,0.69,9.85,no,yes
286,Super Brown Sugar,Super,1.42,0.61,8.25,yes,no
287,Super White Sugar,Super,1.56,0.61,11.7,yes,yes
288,Super French Roast Coffee,Super,2.86,1.37,18.9,no,no
289,Super Decaf Coffee,Super,1.37,0.59,7.96,no,no
290,Super Regular Coffee,Super,1.7,0.63,6.09,yes,no
291,Super Vegetable Oil,Super,2.22,0.89,9.24,no,no
292,Super Corn Oil,Super,1.81,0.69,7.64,no,yes
293,Super Tomato Sauce,Super,1.6,0.48,10.6,no,no
294,Super Canola Oil,Super,1.32,0.45,10.9,no,yes
295,Super Grape Preserves,Super,3.12,1.19,9.4,yes,yes
296,Super Columbian Coffee,Super,0.5,0.23,11,yes,no
297,Super Strawberry Jelly,Super,0.9,0.36,17.4,no,yes
298,Super Pepper,Super,2.83,1.1,17.7,no,yes
299,Super Low Fat Apple Butter,Super,1.68,0.77,16.6,no,no
300,Super Salt,Super,2.94,1.44,16.8,yes,no
301,Super Apple Butter,Super,0.53,0.23,10.8,no,yes
302,Super Oregano,Super,3.45,1.24,13.7,yes,no
303,Super Apple Jelly,Super,2.58,0.88,13.6,yes,yes
304,Super Grape Jam,Super,1.89,0.72,10.1,yes,no
305,Super Apple Jam,Super,3.39,1.53,6.72,no,yes
306,Super Strawberry Jam,Super,3.96,1.47,16.5,no,yes
307,Super Creamy Peanut Butter,Super,1.48,0.64,18.2,no,yes
308,Super Strawberry Preserves,Super,2.18,0.89,8.82,no,yes
309,Super Extra Chunky Peanut Butter,Super,3.62,1.19,18.7,yes,yes
310,Super Apple Preserves,Super,0.76,0.33,10.8,yes,yes
311,Super Grape Jelly,Super,2.15,0.67,9.67,no,no
312,Excellent Berry Juice,Excellent,2.13,0.66,12.6,yes,no
313,Excellent Mango Drink,Excellent,2.85,1.37,7.12,no,yes
314,Excellent Strawberry Drink,Excellent,1.85,0.81,9.26,no,yes
315,Excellent Cream Soda,Excellent,0.96,0.39,15.5,no,no
316,Excellent Diet Soda,Excellent,1.31,0.55,7.28,yes,no
317,Excellent Cola,Excellent,2.18,1.09,13.1,yes,no
318,Excellent Diet Cola,Excellent,2.47,0.96,17.8,yes,no
319,Excellent Orange Juice,Excellent,1.6,0.59,9.58,no,no
320,Excellent Cranberry Juice,Excellent,3.26,1.08,16.4,no,no
321,Excellent Apple Juice,Excellent,2.41,0.8,13.2,yes,no
322,Excellent Apple Drink,Excellent,2.98,0.92,12.8,no,no
323,Best Oatmeal,Best,3.5,1.23,15.4,no,yes
324,Best Corn Puffs,Best,1.97,0.85,7.43,no,no
325,Best Wheat Puffs,Best,1.51,0.65,19.1,yes,no
326,Best Grits,Best,2.47,0.89,8.87,yes,no
327,Better Canned Beets,Better,0.6,0.26,8.6,no,yes
328,Better Creamed Corn,Better,1.26,0.44,11.6,yes,no
329,Better Canned String Beans,Better,1.74,0.64,10.9,yes,yes
330,Better Chicken Soup,Better,3.98,1.71,7.47,no,no
331,Better Canned Yams,Better,2.83,1.25,15.9,no,no
332,Better Vegetable Soup,Better,2.21,0.86,9.36,no,no
333,Better Canned Tomatos,Better,1.32,0.57,17.9,no,yes
334,Better Noodle Soup,Better,0.78,0.39,9,yes,no
335,Better Regular Ramen Soup,Better,3.74,1.31,8.73,yes,no
336,Better Chicken Noodle Soup,Better,1.15,0.36,13.1,yes,no
337,Better Turkey Noodle Soup,Better,0.75,0.31,8.34,yes,yes
338,Better Beef Soup,Better,0.57,0.22,16.9,yes,no
339,Better Canned Peas,Better,1.4,0.69,21.3,yes,yes
340,Better Chicken Ramen Soup,Better,0.63,0.3,16,yes,yes
341,Better Canned Tuna in Water,Better,2.77,1.02,21.7,no,no
342,Better Canned Tuna in Oil,Better,1.5,0.5,14.2,yes,yes
343,Better Large Canned Shrimp,Better,2.3,0.71,8.55,no,no
344,Better Fancy Canned Anchovies,Better,2.28,1.03,10.5,yes,yes
345,Better Fancy Canned Clams,Better,2.11,0.74,17.6,yes,yes
346,Better Fancy Canned Oysters,Better,2.12,0.68,15.6,no,no
347,Better Fancy Canned Sardines,Better,1.2,0.44,11.8,no,yes
348,Better Rice Soup,Better,1.23,0.46,7.98,yes,no
349,Swell Canned Mixed Fruit,Swell,2.34,0.98,8.62,no,yes
350,Swell Canned Peaches,Swell,1.63,0.59,15.3,yes,no
351,ADJ Rosy Sunglasses,ADJ,2.76,0.86,19.6,yes,no
352,Black Tie Eyeglass Screwdriver,Black Tie,0.67,0.23,10.6,no,no
353,Black Tie City Map,Black Tie,1.57,0.69,8.78,yes,no
354,Carlson Low Fat Cottage Cheese,Carlson,2.25,0.72,9.77,no,no
355,Carlson Low Fat Sour Cream,Carlson,0.81,0.34,12.2,no,no
356,Carlson Sour Cream,Carlson,2.36,0.83,8.79,yes,no
357,Carlson Jack Cheese,Carlson,1.8,0.86,12.2,yes,yes
358,Carlson Muenster Cheese,Carlson,3.75,1.24,19.3,no,no
359,Carlson String Cheese,Carlson,1.32,0.41,20.9,yes,no
360,Carlson Low Fat String Cheese,Carlson,1.31,0.51,9.8,yes,yes
361,Carlson Havarti Cheese,Carlson,1.13,0.37,14.1,yes,no
362,Carlson Head Cheese,Carlson,3.97,1.91,10.8,no,no
363,Carlson Cheese Spread,Carlson,1.82,0.67,8.71,yes,yes
364,Carlson Sharp Cheddar Cheese,Carlson,2.2,1.08,17.1,no,no
365,Carlson Mild Cheddar Cheese,Carlson,3.96,1.47,11.9,yes,no
366,Carlson Large Curd Cottage Cheese,Carlson,2.36,0.9,19.6,yes,no
367,Carlson 2% Milk,Carlson,3.49,1.22,11.6,yes,no
368,Carlson Buttermilk,Carlson,1.14,0.39,14.4,no,no
369,Carlson Chocolate Milk,Carlson,2.3,0.87,19.4,no,no
370,Carlson 1% Milk,Carlson,0.92,0.36,6.63,yes,no
371,Carlson Whole Milk,Carlson,0.66,0.31,9.78,yes,no
372,Carlson Strawberry Yogurt,Carlson,3.98,1.71,14.8,no,no
373,Carlson Blueberry Yogurt,Carlson,2.76,0.99,11.9,yes,yes
374,Moms Chicken Hot Dogs,Moms,1.49,0.54,11.3,yes,no
375,Moms Pimento Loaf,Moms,2.29,0.89,18.4,yes,no
376,Moms Beef Bologna,Moms,2.27,0.89,12.3,no,yes
377,Moms Low Fat Bologna,Moms,2.1,0.71,18,no,no
378,Moms Turkey Hot Dogs,Moms,1.11,0.42,17.3,yes,yes
379,Moms Foot-Long Hot Dogs,Moms,3.85,1.89,16.2,yes,no
380,Moms Low Fat Cole Slaw,Moms,1.22,0.52,21.4,yes,yes
381,Moms Cole Slaw,Moms,2.33,1,10.3,yes,yes
382,Moms Roasted Chicken,Moms,1.62,0.73,10.2,yes,yes
383,Moms Corned Beef,Moms,2.75,1.1,13.2,yes,yes
384,Moms Sliced Turkey,Moms,0.54,0.25,14.7,yes,yes
385,Moms Sliced Ham,Moms,1.56,0.61,11.3,no,no
386,Moms Potato Salad,Moms,2.23,0.85,16.9,yes,yes
387,Moms Sliced Chicken,Moms,2.41,0.82,17.7,yes,no
388,Urban Small Brown Eggs,Urban,2.35,0.87,19.3,yes,yes
389,Urban Large Brown Eggs,Urban,1.79,0.86,14.1,no,no
390,Urban Small Eggs,Urban,3.74,1.72,10.3,yes,no
391,Urban Large Eggs,Urban,1.31,0.46,9.21,no,no
392,Urban Egg Substitute,Urban,1.3,0.44,13,no,yes
393,Big Time Low Fat Waffles,Big Time,1.12,0.36,21.5,yes,no
394,Big Time Orange Popsicles,Big Time,3.13,1.13,10.4,yes,no
395,Big Time Frozen Chicken Breast,Big Time,2.22,1,8.3,yes,no
396,Big Time Frozen Pancakes,Big Time,3.24,1.17,16.3,yes,no
397,Big Time Low Fat French Fries,Big Time,1.35,0.46,12,no,no
398,Big Time Frozen Sausage Pizza,Big Time,0.8,0.35,15.5,yes,yes
399,Big Time Blueberry Waffles,Big Time,0.87,0.37,10.2,no,no
400,Big Time Fajita French Fries,Big Time,1.43,0.47,9.57,yes,no
401,Big Time Waffles,Big Time,0.7,0.26,13.9,no,no
402,Big Time Frozen Pepperoni Pizza,Big Time,1.13,0.38,9.16,yes,yes
403,Big Time Frozen Cheese Pizza,Big Time,1.55,0.48,13.6,yes,yes
404,Big Time Frozen Mushroom Pizza,Big Time,1.25,0.39,6.98,yes,no
405,Big Time Apple Cinnamon Waffles,Big Time,3.69,1.22,19.6,no,no
406,Big Time Frozen Carrots,Big Time,1.64,0.8,20.7,no,no
407,Big Time Turkey TV Dinner,Big Time,3.21,1.51,6.35,no,yes
408,Big Time Chicken TV Dinner,Big Time,2.2,1.06,15.7,yes,yes
409,Big Time Beef TV Dinner,Big Time,3.91,1.64,10.9,yes,yes
410,Big Time Pancake Mix,Big Time,1.26,0.53,19.8,no,yes
411,Big Time Grape Popsicles,Big Time,0.51,0.26,8.25,yes,yes
412,Big Time Home Style French Fries,Big Time,1.38,0.54,18.9,yes,yes
413,Big Time Lime Popsicles,Big Time,2.25,0.88,18.4,yes,no
414,Big Time Ice Cream,Big Time,2.77,0.89,19.9,yes,yes
415,Big Time Ice Cream Sandwich,Big Time,2.91,1.25,17.4,yes,yes
416,Big Time Frozen Cauliflower,Big Time,3.32,1.33,7.2,yes,no
417,Big Time Frozen Broccoli,Big Time,2.72,1.2,14.2,yes,no
418,Big Time Frozen Corn,Big Time,3.16,1.49,13.2,yes,no
419,Big Time Frozen Peas,Big Time,3.57,1.29,8.5,no,no
420,Big Time Popsicles,Big Time,2.27,0.77,20.6,yes,yes
421,Big Time Frozen Chicken Thighs,Big Time,2.95,1.39,6.19,yes,no
422,Big Time Frozen Chicken Wings,Big Time,3.67,1.25,7.87,no,yes
423,Big Time Lemon Popsicles,Big Time,1.47,0.71,17.2,no,yes
424,Steady Silky Smooth Hair Conditioner,Steady,1.45,0.49,9.65,yes,no
425,Steady Tartar Control Toothpaste,Steady,1.28,0.42,9.18,no,no
426,Steady Whitening Toothpast,Steady,0.6,0.26,11.5,no,no
427,Steady Toothpaste,Steady,2.14,0.79,8.89,no,no
428,Steady Deodorant,Steady,0.67,0.24,8.43,no,no
429,Steady Conditioning Shampoo,Steady,1.51,0.48,12,yes,no
430,Steady Extra Moisture Shampoo,Steady,1.8,0.72,11.5,yes,no
431,Steady Angled Toothbrush,Steady,0.96,0.38,19.9,no,no
432,Steady Apricot Shampoo,Steady,2.35,1.13,11.3,no,no
433,Steady Childrens Aspirin,Steady,1.74,0.54,10.8,yes,no
434,Steady Buffered Aspirin,Steady,1.42,0.44,19.1,no,no
435,Steady 200 MG Ibuprofen,Steady,2.83,1.33,11.8,yes,no
436,Steady 200 MG Acetominifen,Steady,1.53,0.63,6.32,no,no
437,Steady HCL Nasal Spray,Steady,1.97,0.93,19.9,no,no
438,Steady Dishwasher Detergent,Steady,1.93,0.97,19.5,yes,no
439,Steady Multi-Symptom Cold Remedy,Steady,3.5,1.72,21.8,yes,no
440,Steady Childrens Cold Remedy,Steady,0.67,0.32,19.2,yes,no
441,Steady Laundry Detergent,Steady,0.57,0.26,13.7,yes,no
442,Steady Mint Mouthwash,Steady,2.24,1.08,21.1,no,no
443,Red Wing 60 Watt Lightbulb,Red Wing,1.33,0.48,20.6,yes,no
444,Red Wing Plastic Forks,Red Wing,2.59,1.04,20.1,no,no
445,Red Wing Plastic Spoons,Red Wing,3.46,1.18,16.5,yes,no
446,Red Wing Plastic Knives,Red Wing,3.75,1.58,11,no,no
447,Red Wing C-Size Batteries,Red Wing,2.88,1.01,19.4,yes,no
448,Red Wing 100 Watt Lightbulb,Red Wing,1.54,0.74,15.8,no,no
449,Red Wing AAA-Size Batteries,Red Wing,3.69,1.73,10.3,yes,no
450,Red Wing Paper Plates,Red Wing,3.37,1.55,18.9,no,no
451,Red Wing Paper Cups,Red Wing,1.78,0.85,13.4,yes,no
452,Red Wing 75 Watt Lightbulb,Red Wing,2.48,0.94,11.1,no,no
453,Red Wing Toilet Bowl Cleaner,Red Wing,2.92,1.05,19.4,yes,no
454,Red Wing Counter Cleaner,Red Wing,0.93,0.42,14,no,no
455,Red Wing Glass Cleaner,Red Wing,1.68,0.66,10.4,yes,no
456,Red Wing 25 Watt Lightbulb,Red Wing,2.67,0.8,13.7,yes,no
457,Red Wing AA-Size Batteries,Red Wing,2.26,0.99,13.2,yes,no
458,Red Wing D-Size Batteries,Red Wing,1.5,0.47,16.8,yes,no
459,Red Wing Paper Towels,Red Wing,0.64,0.23,16.4,no,no
460,Red Wing Soft Napkins,Red Wing,1.61,0.71,13.7,yes,no
461,Red Wing Scented Tissue,Red Wing,2.72,1.01,16.1,no,no
462,Red Wing Toilet Paper,Red Wing,2.12,0.78,15.6,yes,no
463,Red Wing Tissues,Red Wing,1.25,0.51,8.28,yes,no
464,Red Wing Scented Toilet Tissue,Red Wing,3.56,1.74,15.6,yes,no
465,Red Wing Room Freshener,Red Wing,2.95,1.27,15.2,no,no
466,Red Wing Frying Pan,Red Wing,2.63,1.26,8.79,no,no
467,Red Wing Copper Cleaner,Red Wing,3.81,1.49,8.33,yes,no
468,Red Wing Bees Wax Candles,Red Wing,1.74,0.7,10.6,yes,no
469,Red Wing Silver Cleaner,Red Wing,1.29,0.58,8.03,yes,no
470,Red Wing Copper Pot Scrubber,Red Wing,2.9,1.04,7.57,yes,no
471,Red Wing Economy Toilet Brush,Red Wing,0.83,0.3,9.93,no,no
472,Red Wing Scissors,Red Wing,0.82,0.37,9.47,yes,no
473,Red Wing Large Sponge,Red Wing,0.73,0.27,14,no,no
474,Red Wing Screw Driver,Red Wing,3.52,1.58,21.3,yes,no
475,Quick Extra Lean Hamburger,Quick,2.61,0.84,20.9,yes,no
476,Quick Seasoned Hamburger,Quick,3.64,1.13,15.6,yes,no
477,Dollar Monthly Sports Magazine,Dollar,0.86,0.3,19.1,yes,no
478,Dollar Monthly Auto Magazine,Dollar,2.91,1.25,10.8,no,no
479,Dollar Monthly Computer Magazine,Dollar,2.15,1.05,16.4,yes,no
480,Dollar Monthly Home Magazine,Dollar,1.69,0.76,13.2,no,no
481,Dollar Monthly Fashion Magazine,Dollar,2.85,1.34,14.1,yes,no
482,Tell Tale Summer Squash,Tell Tale,0.73,0.36,18.7,no,yes
483,Tell Tale Corn on the Cob,Tell Tale,1.94,0.68,13,yes,no
484,Tell Tale Asparagus,Tell Tale,3.64,1.82,8.35,no,yes
485,Tell Tale Sweet Peas,Tell Tale,2.19,0.83,14.5,no,yes
486,Tell Tale New Potatos,Tell Tale,1.14,0.51,14.8,yes,yes
487,Tell Tale Beets,Tell Tale,2.6,1.17,9.09,no,yes
488,Tell Tale Prepared Salad,Tell Tale,2.59,1.3,9.77,yes,yes
489,Tell Tale Onions,Tell Tale,2.41,1.06,16.4,yes,yes
490,Tell Tale Green Pepper,Tell Tale,1.65,0.54,13.4,no,yes
491,Tell Tale Shitake Mushrooms,Tell Tale,3.51,1.47,19.6,yes,no
492,Tell Tale Lettuce,Tell Tale,1.77,0.58,20.3,no,no
493,Tell Tale Elephant Garlic,Tell Tale,2.64,0.9,7.43,yes,no
494,Tell Tale Red Pepper,Tell Tale,1.93,0.81,9.02,yes,no
495,Tell Tale Garlic,Tell Tale,1.17,0.48,9.22,yes,no
496,Tell Tale Potatos,Tell Tale,0.84,0.31,11.2,no,no
497,Tell Tale Cauliflower,Tell Tale,1.87,0.64,14.7,yes,no
498,Tell Tale Tomatos,Tell Tale,2.55,1.22,11.9,yes,yes
499,Tell Tale Mushrooms,Tell Tale,2.96,1.42,13.9,yes,no
500,Tell Tale Baby Onion,Tell Tale,2.66,1.28,17,no,yes
501,Tell Tale Dried Mushrooms,Tell Tale,1.45,0.7,17.1,yes,yes
502,Tell Tale Fresh Lima Beans,Tell Tale,3.17,1.24,20.1,yes,no
503,Tell Tale Squash,Tell Tale,1.86,0.89,21.2,no,yes
504,Tell Tale Limes,Tell Tale,1.84,0.77,13.6,yes,yes
505,Tell Tale Firm Tofu,Tell Tale,1.67,0.8,18.1,no,no
506,Tell Tale Almonds,Tell Tale,3.68,1.14,11.5,yes,no
507,Tell Tale Macintosh Apples,Tell Tale,2.53,1.04,20.4,yes,no
508,Tell Tale Golden Delcious Apples,Tell Tale,3.79,1.36,13.9,yes,yes
509,Tell Tale Red Delcious Apples,Tell Tale,1.9,0.67,20.9,yes,no
510,Tell Tale Lemons,Tell Tale,0.61,0.27,9.33,yes,no
511,Tell Tale Fancy Plums,Tell Tale,0.68,0.34,21,no,yes
512,Tell Tale Plums,Tell Tale,2.74,1.26,9.85,no,no
513,Tell Tale Peaches,Tell Tale,0.58,0.28,11,yes,no
514,Tell Tale Broccoli,Tell Tale,1.81,0.65,20.9,yes,yes
515,Tell Tale Mandarin Oranges,Tell Tale,1.91,0.9,20.7,no,yes
516,Tell Tale Mixed Nuts,Tell Tale,1.85,0.63,21.8,yes,no
517,Tell Tale Canned Peanuts,Tell Tale,3.4,1.63,7.87,no,no
518,Tell Tale Sweet Onion,Tell Tale,1.36,0.68,13.5,no,yes
519,Tell Tale Cantelope,Tell Tale,3.82,1.8,17.1,yes,no
520,Tell Tale Honey Dew,Tell Tale,2.8,1.34,7.28,yes,no
521,Tell Tale Fuji Apples,Tell Tale,3.63,1.52,8.48,yes,no
522,Tell Tale Walnuts,Tell Tale,1.63,0.57,15.6,yes,yes
523,Tell Tale Oranges,Tell Tale,1.72,0.71,11.3,no,yes
524,Tell Tale Tangerines,Tell Tale,1.74,0.87,13.8,no,no
525,Tell Tale Party Nuts,Tell Tale,2.85,0.88,11.3,no,yes
526,Kiwi Lox,Kiwi,2.25,1.08,18.4,yes,yes
527,Kiwi Scallops,Kiwi,2.38,0.79,11.9,no,no
528,Fast Low Fat Cookies,Fast,0.96,0.31,6.59,yes,yes
529,Fast BBQ Potato Chips,Fast,2.19,0.9,17.7,no,yes
530,Fast Corn Chips,Fast,3.76,1.58,9.41,yes,no
531,Fast Low Fat BBQ Chips,Fast,0.6,0.22,16.9,no,yes
532,Fast Sugar Cookies,Fast,3.87,1.39,21.7,yes,no
533,Fast Chocolate Chip Cookies,Fast,2.42,0.82,20.1,no,no
534,Fast Fudge Cookies,Fast,3.38,1.45,12.6,no,yes
535,Fast Fudge Brownies,Fast,2.84,0.99,7.92,yes,yes
536,Fast Potato Chips,Fast,1.82,0.66,21.8,yes,no
537,Fast Lemon Cookies,Fast,2.65,0.87,20.7,yes,no
538,Fast Graham Crackers,Fast,0.93,0.39,20.9,yes,yes
539,Fast Cheese Crackers,Fast,3.74,1.35,8.42,yes,no
540,Fast Buttered Popcorn,Fast,0.51,0.22,12.3,yes,yes
541,Fast No Salt Popcorn,Fast,1.88,0.7,13,yes,no
542,Fast Low Fat Popcorn,Fast,1.51,0.74,6.84,no,yes
543,Fast Salsa Dip,Fast,1.64,0.72,8.05,no,no
544,Fast Avocado Dip,Fast,2.95,0.89,16.1,yes,no
545,Fast Salted Pretzels,Fast,1.45,0.55,19.1,yes,yes
546,Fast Cheese Dip,Fast,2.78,1,14.7,no,no
547,Fast Fondue Mix,Fast,2.31,0.79,9.02,yes,no
548,Fast Mini Donuts,Fast,2.9,1.22,8.39,yes,yes
549,Fast Beef Jerky,Fast,1.68,0.76,10.5,yes,no
550,Fast Chocolate Donuts,Fast,2.4,0.77,10.7,no,no
551,Fast Low Fat Chips,Fast,3.21,1.12,7.87,yes,no
552,Fast Sesame Crackers,Fast,0.55,0.24,18.6,yes,yes
553,Fast Frosted Cookies,Fast,1.91,0.84,7.41,no,no
554,Fast Dried Apples,Fast,3.14,1.54,13.1,yes,no
555,Fast Apple Fruit Roll,Fast,2.88,1.27,19.3,yes,no
556,Fast Strawberry Fruit Roll,Fast,3.25,1.27,11.3,yes,no
557,Fast Raspberry Fruit Roll,Fast,1.36,0.61,18.4,no,no
558,Fast Grape Fruit Roll,Fast,0.8,0.38,15,no,yes
559,Fast Dried Dates,Fast,3.78,1.4,19.9,no,yes
560,Fast Raisins,Fast,1.2,0.58,15,no,yes
561,Fast Golden Raisins,Fast,0.77,0.31,15.7,yes,yes
562,Fast Dried Apricots,Fast,0.59,0.24,17.8,no,no
563,Fast Frosted Donuts,Fast,1.68,0.66,19.9,no,yes
564,Atomic Tasty Candy Bar,Atomic,0.66,0.3,17.9,yes,yes
565,Atomic Mint Chocolate Bar,Atomic,0.9,0.38,10.9,yes,no
566,Atomic Malted Milk Balls,Atomic,1.78,0.73,13.9,no,no
567,Atomic Semi-Sweet Chocolate Bar,Atomic,2.35,1.18,15.9,yes,yes
568,Atomic Bubble Gum,Atomic,3.33,1.23,11.2,no,yes
569,Atomic Spicy Mints,Atomic,3.16,1.58,7.79,yes,yes
570,Atomic Mints,Atomic,2.16,0.91,17.5,no,yes
571,Atomic White Chocolate Bar,Atomic,1.25,0.49,10.4,no,no
572,Shady Lake Ravioli,Shady Lake,2.51,1.08,8.94,no,no
573,Shady Lake Manicotti,Shady Lake,3.39,1.39,19.7,yes,yes
574,Shady Lake Spaghetti,Shady Lake,2.67,1.15,19,yes,no
575,Shady Lake Thai Rice,Shady Lake,2.81,1.35,11,yes,yes
576,Shady Lake Rice Medly,Shady Lake,0.7,0.29,18.6,yes,yes
577,Walrus Imported Beer,Walrus,2.62,1.28,6.11,yes,no
578,Walrus Light Wine,Walrus,2.29,0.69,9.38,yes,no
579,Walrus Chardonnay Wine,Walrus,0.83,0.35,15.7,no,no
580,Walrus Chablis Wine,Walrus,2.41,1.18,19.9,no,no
581,Walrus Merlot Wine,Walrus,2.84,1.25,19.4,yes,no
582,Walrus Chardonnay,Walrus,3.8,1.41,9.9,yes,no
583,Walrus White Zinfandel Wine,Walrus,1.61,0.63,19.4,yes,no
584,Walrus Light Beer,Walrus,2.59,0.88,17.6,no,no
585,Colony Pumpernickel Bread,Colony,2.18,0.72,8.08,no,yes
586,Colony White Bread,Colony,1.42,0.7,18.9,yes,no
587,Colony Rye Bread,Colony,3.27,1.21,7.71,no,no
588,Colony English Muffins,Colony,1.54,0.55,7.55,no,no
589,Colony Cranberry Muffins,Colony,2.65,1.01,16.4,yes,no
590,Colony Muffins,Colony,1.93,0.75,6.14,no,no
591,Colony Bagels,Colony,1.17,0.42,8.72,no,yes
592,Colony Blueberry Muffins,Colony,2.48,1.02,12.7,yes,no
593,Colony Wheat Bread,Colony,1.87,0.84,12,yes,no
594,Landslide Sesame Oil,Landslide,0.58,0.17,7.27,yes,no
595,Landslide Chunky Peanut Butter,Landslide,1.42,0.65,7.95,yes,no
596,Landslide Hot Chocolate,Landslide,0.64,0.25,10.4,no,yes
597,Landslide Brown Sugar,Landslide,2.8,1.4,19.3,yes,yes
598,Landslide White Sugar,Landslide,1.52,0.64,10.3,yes,no
599,Landslide French Roast Coffee,Landslide,2.32,0.81,9.79,yes,no
600,Landslide Decaf Coffee,Landslide,2.31,0.88,18.9,yes,no
601,Landslide Regular Coffee,Landslide,2.13,0.68,14.9,no,no
602,Landslide Vegetable Oil,Landslide,2.14,0.96,15.9,yes,no
603,Landslide Corn Oil,Landslide,1.23,0.39,16.5,yes,yes
604,Landslide Tomato Sauce,Landslide,1.25,0.61,9.48,no,no
605,Landslide Canola Oil,Landslide,2.36,0.85,21.2,yes,no
606,Landslide Grape Preserves,Landslide,2.65,0.87,11.3,no,no
607,Landslide Columbian Coffee,Landslide,2.78,1.36,13.3,no,no
608,Landslide Strawberry Jelly,Landslide,0.68,0.31,10.2,yes,no
609,Landslide Pepper,Landslide,2.59,1.09,11.3,no,yes
610,Landslide Low Fat Apple Butter,Landslide,2.27,0.98,7.14,yes,yes
611,Landslide Salt,Landslide,0.82,0.34,15.1,yes,no
612,Landslide Apple Butter,Landslide,2.38,0.98,11.6,yes,no
613,Landslide Oregano,Landslide,1.82,0.6,21.1,yes,no
614,Landslide Apple Jelly,Landslide,3.78,1.7,16.7,yes,no
615,Landslide Grape Jam,Landslide,1.35,0.54,18.4,no,yes
616,Landslide Apple Jam,Landslide,1.33,0.49,21.9,yes,yes
617,Landslide Strawberry Jam,Landslide,1.16,0.57,13.9,yes,yes
618,Landslide Creamy Peanut Butter,Landslide,1.4,0.62,7.28,yes,yes
619,Landslide Strawberry Preserves,Landslide,2.25,0.95,6.14,no,no
620,Landslide Extra Chunky Peanut Butter,Landslide,0.73,0.28,7.8,yes,no
621,Landslide Apple Preserves,Landslide,1.39,0.68,9.36,yes,no
622,Landslide Grape Jelly,Landslide,0.81,0.41,6.38,yes,yes
623,Token Berry Juice,Token,1.8,0.7,8.04,yes,no
624,Token Mango Drink,Token,2.46,1.01,20.4,yes,yes
625,Token Strawberry Drink,Token,1.61,0.74,13.8,yes,no
626,Token Cream Soda,Token,1.29,0.59,6.73,no,no
627,Token Diet Soda,Token,1.7,0.71,7.64,yes,no
628,Token Cola,Token,1.4,0.52,16.4,yes,no
629,Token Diet Cola,Token,0.55,0.21,10,no,no
630,Token Orange Juice,Token,2.8,0.92,11,yes,no
631,Token Cranberry Juice,Token,0.78,0.39,19.7,yes,no
632,Token Apple Juice,Token,0.83,0.41,20.6,no,no
633,Token Apple Drink,Token,0.74,0.27,15.6,yes,no
634,Radius Oatmeal,Radius,2.53,0.99,13.1,yes,yes
635,Radius Corn Puffs,Radius,1.38,0.69,7.92,no,yes
636,Radius Wheat Puffs,Radius,2.64,0.95,12.2,no,yes
637,Radius Grits,Radius,0.86,0.35,8.4,no,yes
638,Bravo Canned Beets,Bravo,3.15,1.42,6.8,yes,no
639,Bravo Creamed Corn,Bravo,3.28,1.08,16.2,no,no
640,Bravo Canned String Beans,Bravo,2.59,1.27,9.63,no,yes
641,Bravo Chicken Soup,Bravo,3.98,1.75,18.5,yes,yes
642,Bravo Canned Yams,Bravo,1.66,0.8,7.39,yes,yes
643,Bravo Vegetable Soup,Bravo,1.84,0.92,9,no,no
644,Bravo Canned Tomatos,Bravo,0.87,0.4,13.4,no,no
645,Bravo Noodle Soup,Bravo,3.32,1.63,6.41,no,no
646,Bravo Regular Ramen Soup,Bravo,1.28,0.59,6.18,yes,no
647,Bravo Chicken Noodle Soup,Bravo,2.74,1.04,17.7,yes,no
648,Bravo Turkey Noodle Soup,Bravo,2.72,0.95,12.5,yes,no
649,Bravo Beef Soup,Bravo,2.55,1.1,17.2,no,yes
650,Bravo Canned Peas,Bravo,1.55,0.56,17.5,yes,yes
651,Bravo Chicken Ramen Soup,Bravo,0.8,0.25,15,no,yes
652,Bravo Canned Tuna in Water,Bravo,1.67,0.8,10.7,yes,no
653,Bravo Canned Tuna in Oil,Bravo,2.78,0.97,9.71,yes,yes
654,Bravo Large Canned Shrimp,Bravo,2.17,0.85,10.8,no,no
655,Bravo Fancy Canned Anchovies,Bravo,2.31,0.76,8.33,no,yes
656,Bravo Fancy Canned Clams,Bravo,3.85,1.54,20.4,yes,no
657,Bravo Fancy Canned Oysters,Bravo,2.12,0.68,19.8,no,yes
658,Bravo Fancy Canned Sardines,Bravo,2.68,1.02,6.44,yes,no
659,Bravo Rice Soup,Bravo,3.21,1.41,15.8,yes,yes
660,Applause Canned Mixed Fruit,Applause,2.8,1.26,6.96,yes,yes
661,Applause Canned Peaches,Applause,2.34,1.15,19,no,no
662,Prelude Rosy Sunglasses,Prelude,2.3,1.01,21.5,yes,no
663,Akron Eyeglass Screwdriver,Akron,1.76,0.72,11.4,yes,no
664,Akron City Map,Akron,1.74,0.54,8.24,no,no
665,Gorilla Low Fat Cottage Cheese,Gorilla,1.57,0.64,8.79,no,no
666,Gorilla Low Fat Sour Cream,Gorilla,0.89,0.39,14.5,no,yes
667,Gorilla Sour Cream,Gorilla,2.66,1.01,21.2,yes,no
668,Gorilla Jack Cheese,Gorilla,3.93,1.77,21.9,yes,no
669,Gorilla Muenster Cheese,Gorilla,1.8,0.54,19.4,yes,yes
670,Gorilla String Cheese,Gorilla,1.79,0.77,18.2,yes,yes
671,Gorilla Low Fat String Cheese,Gorilla,2.93,1.11,20.8,yes,yes
672,Gorilla Havarti Cheese,Gorilla,3.34,1.24,13.3,yes,yes
673,Gorilla Head Cheese,Gorilla,2.74,1.21,18.2,no,no
674,Gorilla Cheese Spread,Gorilla,3.18,1.37,21.1,yes,yes
675,Gorilla Sharp Cheddar Cheese,Gorilla,3.59,1.76,13.1,yes,yes
676,Gorilla Mild Cheddar Cheese,Gorilla,3.29,1.48,8.86,yes,yes
677,Gorilla Large Curd Cottage Cheese,Gorilla,2.96,1.18,8.58,yes,no
678,Gorilla 2% Milk,Gorilla,3.69,1.66,14.3,yes,no
679,Gorilla Buttermilk,Gorilla,1.49,0.46,20.3,yes,no
680,Gorilla Chocolate Milk,Gorilla,1.47,0.65,13.4,yes,no
681,Gorilla 1% Milk,Gorilla,2.3,1.1,9.43,yes,no
682,Gorilla Whole Milk,Gorilla,0.61,0.2,10.4,yes,no
683,Gorilla Strawberry Yogurt,Gorilla,2.16,0.93,8.58,yes,no
684,Gorilla Blueberry Yogurt,Gorilla,0.68,0.22,9.71,yes,yes
685,Cutting Edge Chicken Hot Dogs,Cutting Edge,1.53,0.58,18.2,no,yes
686,Cutting Edge Pimento Loaf,Cutting Edge,1.82,0.67,12.5,yes,no
687,Cutting Edge Beef Bologna,Cutting Edge,0.97,0.49,7.67,no,no
688,Cutting Edge Low Fat Bologna,Cutting Edge,2.37,0.76,12.9,no,yes
689,Cutting Edge Turkey Hot Dogs,Cutting Edge,1.76,0.74,21.9,yes,no
690,Cutting Edge Foot-Long Hot Dogs,Cutting Edge,1.44,0.52,6.68,no,yes
691,Cutting Edge Low Fat Cole Slaw,Cutting Edge,2.85,1.23,9.66,no,no
692,Cutting Edge Cole Slaw,Cutting Edge,1.55,0.56,6.19,yes,yes
693,Cutting Edge Roasted Chicken,Cutting Edge,1.99,0.98,15.6,no,yes
694,Cutting Edge Corned Beef,Cutting Edge,2.95,1.39,11.2,no,yes
695,Cutting Edge Sliced Turkey,Cutting Edge,3.52,1.65,12.9,yes,yes
696,Cutting Edge Sliced Ham,Cutting Edge,0.72,0.26,19.6,yes,yes
697,Cutting Edge Potato Salad,Cutting Edge,1.33,0.56,8.47,yes,yes
698,Cutting Edge Sliced Chicken,Cutting Edge,2.33,0.96,6.86,yes,yes
699,Jumbo Small Brown Eggs,Jumbo,1.42,0.45,21.7,no,yes
700,Jumbo Large Brown Eggs,Jumbo,2.68,1.18,7.38,yes,no
701,Jumbo Small Eggs,Jumbo,0.75,0.29,8.94,no,no
702,Jumbo Large Eggs,Jumbo,3.84,1.61,21.9,no,yes
703,Jumbo Egg Substitute,Jumbo,2.97,1.13,7.62,yes,no
704,Imagine Low Fat Waffles,Imagine,1.63,0.73,8.41,yes,no
705,Imagine Orange Popsicles,Imagine,0.88,0.38,12.2,no,no
706,Imagine Frozen Chicken Breast,Imagine,3.46,1.07,11,no,yes
707,Imagine Frozen Pancakes,Imagine,1.87,0.84,16.7,yes,yes
708,Imagine Low Fat French Fries,Imagine,3.68,1.51,9.79,yes,yes
709,Imagine Frozen Sausage Pizza,Imagine,0.57,0.25,16.9,yes,yes
710,Imagine Blueberry Waffles,Imagine,1.19,0.43,15.3,yes,no
711,Imagine Fajita French Fries,Imagine,2.89,1.42,13.8,yes,no
712,Imagine Waffles,Imagine,3.87,1.43,7.2,yes,no
713,Imagine Frozen Pepperoni Pizza,Imagine,3.46,1.35,11,no,yes
714,Imagine Frozen Cheese Pizza,Imagine,2.7,1.16,16.2,yes,no
715,Imagine Frozen Mushroom Pizza,Imagine,1.55,0.53,6.88,yes,yes
716,Imagine Apple Cinnamon Waffles,Imagine,1.81,0.62,6.27,no,no
717,Imagine Frozen Carrots,Imagine,3.92,1.92,15.2,yes,yes
718,Imagine Turkey TV Dinner,Imagine,2.32,0.9,15,yes,yes
719,Imagine Chicken TV Dinner,Imagine,2.45,0.98,14.4,yes,yes
720,Imagine Beef TV Dinner,Imagine,0.86,0.27,9.18,no,yes
721,Imagine Pancake Mix,Imagine,2.26,0.7,14.8,yes,no
722,Imagine Grape Popsicles,Imagine,2.83,0.88,20.2,no,yes
723,Imagine Home Style French Fries,Imagine,0.51,0.18,17.6,yes,yes
724,Imagine Lime Popsicles,Imagine,2.94,1.21,19.3,no,no
725,Imagine Ice Cream,Imagine,1.49,0.55,7.33,no,no
726,Imagine Ice Cream Sandwich,Imagine,3.21,1.03,8.47,no,yes
727,Imagine Frozen Cauliflower,Imagine,1.91,0.73,21,yes,yes
728,Imagine Frozen Broccoli,Imagine,1.89,0.7,17.1,no,yes
729,Imagine Frozen Corn,Imagine,1.72,0.58,17.7,yes,yes
730,Imagine Frozen Peas,Imagine,1.72,0.72,9.39,yes,yes
731,Imagine Popsicles,Imagine,3.81,1.14,13.7,no,no
732,Imagine Frozen Chicken Thighs,Imagine,0.91,0.31,9.91,yes,no
733,Imagine Frozen Chicken Wings,Imagine,1.95,0.94,16.6,yes,yes
734,Imagine Lemon Popsicles,Imagine,0.63,0.26,19.1,no,no
735,Consolidated Silky Smooth Hair Conditioner,Consolidated,1.47,0.69,6.51,no,no
736,Consolidated Tartar Control Toothpaste,Consolidated,2.13,0.83,10.1,no,no
737,Consolidated Whitening Toothpast,Consolidated,1.28,0.46,11.6,yes,no
738,Consolidated Toothpaste,Consolidated,1.85,0.56,7.12,yes,no
739,Consolidated Deodorant,Consolidated,2.38,0.95,10.7,yes,no
740,Consolidated Conditioning Shampoo,Consolidated,1.97,0.87,12.5,no,no
741,Consolidated Extra Moisture Shampoo,Consolidated,0.73,0.34,16.2,no,no
742,Consolidated Angled Toothbrush,Consolidated,2.47,0.79,11.7,no,no
743,Consolidated Apricot Shampoo,Consolidated,0.96,0.36,9.42,yes,no
744,Consolidated Childrens Aspirin,Consolidated,3.91,1.76,13,yes,no
745,Consolidated Buffered Aspirin,Consolidated,0.85,0.29,8.57,yes,no
746,Consolidated 200 MG Ibuprofen,Consolidated,3.98,1.51,10,yes,no
747,Consolidated 200 MG Acetominifen,Consolidated,1.83,0.71,13.6,yes,no
748,Consolidated HCL Nasal Spray,Consolidated,2.2,0.97,9.19,yes,no
749,Consolidated Dishwasher Detergent,Consolidated,2.67,1.04,12.8,yes,no
750,Consolidated Multi-Symptom Cold Remedy,Consolidated,1.95,0.66,15.5,no,no
751,Consolidated Childrens Cold Remedy,Consolidated,2.19,1.01,11,no,no
752,Consolidated Laundry Detergent,Consolidated,0.85,0.27,14.7,no,no
753,Consolidated Mint Mouthwash,Consolidated,1.89,0.62,16.5,yes,no
754,Cormorant 60 Watt Lightbulb,Cormorant,2.57,1.08,12,yes,no
755,Cormorant Plastic Forks,Cormorant,2.98,1.16,15.6,yes,no
756,Cormorant Plastic Spoons,Cormorant,2.68,0.99,17.1,yes,no
757,Cormorant Plastic Knives,Cormorant,1.47,0.69,20.7,no,no
758,Cormorant C-Size Batteries,Cormorant,3.19,1.31,17.5,yes,no
759,Cormorant 100 Watt Lightbulb,Cormorant,1.89,0.59,18,no,no
760,Cormorant AAA-Size Batteries,Cormorant,1.87,0.67,21.7,no,no
761,Cormorant Paper Plates,Cormorant,1.7,0.53,18.1,no,no
762,Cormorant Paper Cups,Cormorant,3.7,1.41,21.8,no,no
763,Cormorant 75 Watt Lightbulb,Cormorant,2.55,0.84,6.32,yes,no
764,Cormorant Toilet Bowl Cleaner,Cormorant,3.81,1.64,15.9,no,no
765,Cormorant Counter Cleaner,Cormorant,1.92,0.77,19.6,no,no
766,Cormorant Glass Cleaner,Cormorant,0.62,0.22,20.1,yes,no
767,Cormorant 25 Watt Lightbulb,Cormorant,1.45,0.51,16.9,yes,no
768,Cormorant AA-Size Batteries,Cormorant,2.76,0.91,20.5,no,no
769,Cormorant D-Size Batteries,Cormorant,0.59,0.25,21,no,no
770,Cormorant Paper Towels,Cormorant,1.83,0.81,8.73,no,no
771,Cormorant Soft Napkins,Cormorant,1.12,0.35,21.1,yes,no
772,Cormorant Scented Tissue,Cormorant,1.94,0.7,6.95,yes,no
773,Cormorant Toilet Paper,Cormorant,0.71,0.24,10.6,yes,no
774,Cormorant Tissues,Cormorant,2.45,1.23,6.11,yes,no
775,Cormorant Scented Toilet Tissue,Cormorant,0.95,0.41,20.7,yes,no
776,Cormorant Room Freshener,Cormorant,3.89,1.71,6.21,yes,no
777,Cormorant Frying Pan,Cormorant,3.72,1.53,17.7,yes,no
778,Cormorant Copper Cleaner,Cormorant,2.72,1.03,21.3,yes,no
779,Cormorant Bees Wax Candles,Cormorant,1.81,0.8,8.09,no,no
780,Cormorant Silver Cleaner,Cormorant,2.84,0.91,19.5,no,no
781,Cormorant Copper Pot Scrubber,Cormorant,3.95,1.22,7.24,no,no
782,Cormorant Economy Toilet Brush,Cormorant,2.34,0.94,9.02,yes,no
783,Cormorant Scissors,Cormorant,2.47,0.89,12.6,yes,no
784,Cormorant Large Sponge,Cormorant,0.52,0.25,8.17,yes,no
785,Cormorant Screw Driver,Cormorant,2.28,0.87,9.63,yes,no
786,Footnote Extra Lean Hamburger,Footnote,0.97,0.42,13.2,no,no
787,Footnote Seasoned Hamburger,Footnote,1.49,0.63,13,no,yes
788,Excel Monthly Sports Magazine,Excel,0.55,0.17,21,no,no
789,Excel Monthly Auto Magazine,Excel,3.62,1.74,19.7,yes,no
790,Excel Monthly Computer Magazine,Excel,0.77,0.27,12.4,yes,no
791,Excel Monthly Home Magazine,Excel,2.15,0.95,8.39,no,no
792,Excel Monthly Fashion Magazine,Excel,2.13,1.04,7.1,yes,no
793,Ebony Summer Squash,Ebony,2.85,0.97,12,no,no
794,Ebony Corn on the Cob,Ebony,1.2,0.43,7.26,no,yes
795,Ebony Asparagus,Ebony,0.96,0.36,21.6,no,yes
796,Ebony Sweet Peas,Ebony,1.32,0.5,6.29,yes,yes
797,Ebony New Potatos,Ebony,2.19,0.83,7.96,yes,yes
798,Ebony Beets,Ebony,2.71,0.84,14.6,no,yes
799,Ebony Prepared Salad,Ebony,2.84,1.28,20.8,yes,no
800,Ebony Onions,Ebony,3.26,1.43,11.5,yes,yes
801,Ebony Green Pepper,Ebony,2.65,1.25,10.8,no,no
802,Ebony Shitake Mushrooms,Ebony,2.99,1.38,12.4,yes,yes
803,Ebony Lettuce,Ebony,3.51,1.65,21.4,no,yes
804,Ebony Elephant Garlic,Ebony,2.21,1.04,7.48,no,no
805,Ebony Red Pepper,Ebony,2.88,1.12,16.9,no,yes
806,Ebony Garlic,Ebony,2.6,1.12,8.1,yes,no
807,Ebony Potatos,Ebony,1.41,0.55,21.1,no,no
808,Ebony Cauliflower,Ebony,1.39,0.53,19.4,yes,no
809,Ebony Tomatos,Ebony,1.22,0.4,18.7,yes,yes
810,Ebony Mushrooms,Ebony,0.57,0.25,21.7,yes,no
811,Ebony Baby Onion,Ebony,2.97,0.95,17.4,yes,no
812,Ebony Dried Mushrooms,Ebony,3.34,1.47,20.9,yes,no
813,Ebony Fresh Lima Beans,Ebony,1.45,0.49,14.3,yes,no
814,Ebony Squash,Ebony,1.73,0.83,18.7,no,no
815,Ebony Limes,Ebony,0.92,0.44,11.7,no,no
816,Ebony Firm Tofu,Ebony,2.29,0.89,17.3,yes,yes
817,Ebony Almonds,Ebony,1.68,0.57,17.2,yes,yes
818,Ebony Macintosh Apples,Ebony,1.35,0.45,21.5,yes,no
819,Ebony Golden Delcious Apples,Ebony,2.77,0.97,18.5,yes,no
820,Ebony Red Delcious Apples,Ebony,0.7,0.3,7.36,no,no
821,Ebony Lemons,Ebony,1.91,0.78,7.65,yes,no
822,Ebony Fancy Plums,Ebony,1.86,0.67,18.4,no,yes
823,Ebony Plums,Ebony,3.43,1.51,7.28,yes,yes
824,Ebony Peaches,Ebony,2.11,0.93,19.3,yes,yes
825,Ebony Broccoli,Ebony,2.83,0.96,20,yes,yes
826,Ebony Mandarin Oranges,Ebony,1.83,0.73,9.79,yes,no
827,Ebony Mixed Nuts,Ebony,0.95,0.35,8.29,yes,no
828,Ebony Canned Peanuts,Ebony,1.29,0.53,19.4,no,yes
829,Ebony Sweet Onion,Ebony,2.17,0.91,15.6,no,yes
830,Ebony Cantelope,Ebony,2.45,0.96,8.11,no,no
831,Ebony Honey Dew,Ebony,1.58,0.71,8.79,no,yes
832,Ebony Fuji Apples,Ebony,3.24,1.1,15,no,no
833,Ebony Walnuts,Ebony,2.39,1.15,18.8,no,no
834,Ebony Oranges,Ebony,2.96,0.92,9.96,no,yes
835,Ebony Tangerines,Ebony,3.49,1.64,13.4,no,no
836,Ebony Party Nuts,Ebony,1.18,0.45,20.9,yes,yes
837,Curlew Lox,Curlew,1.62,0.5,8.97,no,no
838,Curlew Scallops,Curlew,2.58,1.19,6.87,no,yes
839,Nationeel Low Fat Cookies,Nationeel,0.66,0.3,14.4,no,no
840,Nationeel BBQ Potato Chips,Nationeel,1.37,0.62,17,yes,no
841,Nationeel Corn Chips,Nationeel,1.85,0.56,10.4,yes,yes
842,Nationeel Low Fat BBQ Chips,Nationeel,3.2,1.38,18.9,yes,no
843,Nationeel Sugar Cookies,Nationeel,2.94,1.12,8.24,yes,no
844,Nationeel Chocolate Chip Cookies,Nationeel,3.31,1.52,17.1,yes,no
845,Nationeel Fudge Cookies,Nationeel,1.42,0.7,7.31,yes,yes
846,Nationeel Fudge Brownies,Nationeel,1.71,0.79,16.3,no,no
847,Nationeel Potato Chips,Nationeel,3.84,1.15,19.7,yes,no
848,Nationeel Lemon Cookies,Nationeel,2.26,0.88,13.9,no,no
849,Nationeel Graham Crackers,Nationeel,1.65,0.71,8.31,no,no
850,Nationeel Cheese Crackers,Nationeel,1.33,0.53,7.17,no,yes
851,Nationeel Buttered Popcorn,Nationeel,2.51,0.78,9.31,no,yes
852,Nationeel No Salt Popcorn,Nationeel,0.69,0.25,8.63,no,yes
853,Nationeel Low Fat Popcorn,Nationeel,3.88,1.71,10.6,no,yes
854,Nationeel Salsa Dip,Nationeel,1.6,0.54,10.9,yes,no
855,Nationeel Avocado Dip,Nationeel,2.41,0.84,10.2,no,yes
856,Nationeel Salted Pretzels,Nationeel,2.39,0.76,15.5,yes,yes
857,Nationeel Cheese Dip,Nationeel,2.22,0.78,11.7,yes,no
858,Nationeel Fondue Mix,Nationeel,2.22,0.69,6.98,no,no
859,Nationeel Mini Donuts,Nationeel,1.31,0.66,16.3,no,no
860,Nationeel Beef Jerky,Nationeel,2.34,1.03,17,yes,yes
861,Nationeel Chocolate Donuts,Nationeel,2.45,1.23,8.95,no,no
862,Nationeel Low Fat Chips,Nationeel,2.73,1.06,9.7,no,no
863,Nationeel Sesame Crackers,Nationeel,2.98,1.1,10.8,yes,yes
864,Nationeel Frosted Cookies,Nationeel,1.63,0.73,12.5,yes,yes
865,Nationeel Dried Apples,Nationeel,2.79,1.4,9.63,yes,no
866,Nationeel Apple Fruit Roll,Nationeel,3.46,1.38,11.2,no,yes
867,Nationeel Strawberry Fruit Roll,Nationeel,1.88,0.73,12.3,yes,yes
868,Nationeel Raspberry Fruit Roll,Nationeel,3.58,1.5,14.4,yes,no
869,Nationeel Grape Fruit Roll,Nationeel,2.12,0.91,17,yes,no
870,Nationeel Dried Dates,Nationeel,1.97,0.67,20,yes,no
871,Nationeel Raisins,Nationeel,2.54,0.94,17.1,yes,yes
872,Nationeel Golden Raisins,Nationeel,2.52,0.78,19.2,no,no
873,Nationeel Dried Apricots,Nationeel,2.35,0.8,13.4,no,no
874,Nationeel Frosted Donuts,Nationeel,1.59,0.75,11.4,no,no
875,Thresher Tasty Candy Bar,Thresher,3.44,1.27,17.5,yes,yes
876,Thresher Mint Chocolate Bar,Thresher,1.71,0.53,20.9,no,yes
877,Thresher Malted Milk Balls,Thresher,1.58,0.76,10.3,yes,no
878,Thresher Semi-Sweet Chocolate Bar,Thresher,1.87,0.9,18.8,yes,no
879,Thresher Bubble Gum,Thresher,1.11,0.56,11.7,yes,yes
880,Thresher Spicy Mints,Thresher,3.65,1.24,11.1,no,no
881,Thresher Mints,Thresher,1.81,0.58,7.2,no,no
882,Thresher White Chocolate Bar,Thresher,2.49,1.2,11.5,yes,yes
883,Monarch Ravioli,Monarch,2.9,1.33,8.2,yes,no
884,Monarch Manicotti,Monarch,2.6,1.2,13,no,no
885,Monarch Spaghetti,Monarch,1.38,0.61,13.3,yes,yes
886,Monarch Thai Rice,Monarch,3.11,0.93,8.44,no,no
887,Monarch Rice Medly,Monarch,1.8,0.58,13.2,no,no
888,Discover Ravioli,Discover,0.88,0.27,8.06,no,yes
889,Discover Manicotti,Discover,1.61,0.74,16,yes,no
890,Discover Spaghetti,Discover,2.61,1.07,21.7,yes,yes
891,Discover Thai Rice,Discover,2.47,0.82,19.3,no,no
892,Discover Rice Medly,Discover,2.73,1.01,14.5,yes,no
893,Pearl Imported Beer,Pearl,0.91,0.42,11.6,no,no
894,Pearl Light Wine,Pearl,0.57,0.27,9.87,yes,no
895,Pearl Chardonnay Wine,Pearl,0.65,0.26,16.2,no,no
896,Pearl Chablis Wine,Pearl,2.68,1.31,10.7,no,no
897,Pearl Merlot Wine,Pearl,0.54,0.19,9.01,no,no
898,Pearl Chardonnay,Pearl,1.74,0.61,15.4,no,no
899,Pearl White Zinfandel Wine,Pearl,1.92,0.88,19.9,no,no
900,Pearl Light Beer,Pearl,1.86,0.73,10.3,no,no
901,Fantastic Pumpernickel Bread,Fantastic,2.99,1.41,13.5,yes,no
902,Fantastic White Bread,Fantastic,0.97,0.41,9.8,yes,no
903,Fantastic Rye Bread,Fantastic,2.52,0.83,21.4,yes,yes
904,Fantastic English Muffins,Fantastic,1.5,0.51,7.94,yes,no
905,Fantastic Cranberry Muffins,Fantastic,2.33,0.89,20.5,no,no
906,Fantastic Muffins,Fantastic,0.63,0.24,11.6,no,no
907,Fantastic Bagels,Fantastic,3.42,1.64,6.04,yes,yes
908,Fantastic Blueberry Muffins,Fantastic,0.69,0.27,18.6,yes,yes
909,Fantastic Wheat Bread,Fantastic,1.55,0.73,10.6,no,yes
910,BBB Best Sesame Oil,BBB Best,1.84,0.64,15.4,no,yes
911,BBB Best Chunky Peanut Butter,BBB Best,1.97,0.77,6.97,no,yes
912,BBB Best Hot Chocolate,BBB Best,2.63,1.03,14.5,yes,yes
913,BBB Best Brown Sugar,BBB Best,1.78,0.62,14.3,yes,no
914,BBB Best White Sugar,BBB Best,2.46,1.06,6.76,yes,yes
915,BBB Best French Roast Coffee,BBB Best,2.87,0.92,17.1,no,no
916,BBB Best Decaf Coffee,BBB Best,2.57,0.77,15.2,yes,no
917,BBB Best Regular Coffee,BBB Best,1.12,0.5,17.2,no,no
918,BBB Best Vegetable Oil,BBB Best,2.97,1.37,13.5,no,yes
919,BBB Best Corn Oil,BBB Best,1.54,0.72,15.5,yes,yes
920,BBB Best Tomato Sauce,BBB Best,0.73,0.23,8.09,yes,no
921,BBB Best Canola Oil,BBB Best,1.35,0.54,16.1,no,no
922,BBB Best Grape Preserves,BBB Best,2.59,0.88,13.2,no,yes
923,BBB Best Columbian Coffee,BBB Best,1.44,0.55,16.2,no,no
924,BBB Best Strawberry Jelly,BBB Best,2.7,0.86,21.2,no,no
925,BBB Best Pepper,BBB Best,0.76,0.33,11.4,no,yes
926,BBB Best Low Fat Apple Butter,BBB Best,0.56,0.18,8.86,yes,yes
927,BBB Best Salt,BBB Best,0.63,0.31,7.72,no,yes
928,BBB Best Apple Butter,BBB Best,1.65,0.58,9.38,yes,yes
929,BBB Best Oregano,BBB Best,0.53,0.2,12.8,yes,no
930,BBB Best Apple Jelly,BBB Best,1.48,0.49,7.65,yes,no
931,BBB Best Grape Jam,BBB Best,1.9,0.8,20.2,no,no
932,BBB Best Apple Jam,BBB Best,1.59,0.59,12.2,no,no
933,BBB Best Strawberry Jam,BBB Best,3.38,1.28,10.2,yes,yes
934,BBB Best Creamy Peanut Butter,BBB Best,1.1,0.47,12.8,no,no
935,BBB Best Strawberry Preserves,BBB Best,2.8,1.09,7.54,no,yes
936,BBB Best Extra Chunky Peanut Butter,BBB Best,2.78,1.2,6.49,no,no
937,BBB Best Apple Preserves,BBB Best,3.61,1.23,21.8,yes,yes
938,BBB Best Grape Jelly,BBB Best,1.61,0.68,17,yes,no
939,Fabulous Berry Juice,Fabulous,0.7,0.34,10.8,no,no
940,Fabulous Mango Drink,Fabulous,2.84,1.11,14.5,no,no
941,Fabulous Strawberry Drink,Fabulous,3.95,1.5,18.3,no,no
942,Fabulous Cream Soda,Fabulous,2.34,0.98,17.7,no,no
943,Fabulous Diet Soda,Fabulous,2.47,0.86,18.6,yes,no
944,Fabulous Cola,Fabulous,0.88,0.4,16.4,yes,no
945,Fabulous Diet Cola,Fabulous,2.28,0.78,12.3,no,no
946,Fabulous Orange Juice,Fabulous,2.85,0.97,6,yes,no
947,Fabulous Cranberry Juice,Fabulous,0.65,0.22,16,yes,no
948,Fabulous Apple Juice,Fabulous,2.96,1.1,16.9,no,no
949,Fabulous Apple Drink,Fabulous,2.51,0.98,10.6,yes,no
950,Special Oatmeal,Special,3.47,1.39,9.56,no,no
951,Special Corn Puffs,Special,1.93,0.6,16.1,yes,no
952,Special Wheat Puffs,Special,2.91,0.99,21.8,yes,no
953,Special Grits,Special,2.74,1.21,17,yes,yes
954,Just Right Canned Beets,Just Right,1.74,0.77,8.66,yes,no
955,Just Right Creamed Corn,Just Right,3.83,1.65,15.2,no,no
956,Just Right Canned String Beans,Just Right,1.2,0.46,10,yes,yes
957,Just Right Chicken Soup,Just Right,2.97,1.19,13.5,yes,yes
958,Just Right Canned Yams,Just Right,1.36,0.57,19.7,yes,no
959,Just Right Vegetable Soup,Just Right,1.5,0.45,17.2,no,no
960,Just Right Canned Tomatos,Just Right,2.15,0.71,18,no,yes
961,Just Right Noodle Soup,Just Right,1.31,0.5,9.1,no,yes
962,Just Right Regular Ramen Soup,Just Right,1.87,0.79,9.31,yes,yes
963,Just Right Chicken Noodle Soup,Just Right,2.4,0.96,20.5,yes,yes
964,Just Right Turkey Noodle Soup,Just Right,1.99,0.96,16.7,no,no
965,Just Right Beef Soup,Just Right,1.53,0.57,17.3,no,yes
966,Just Right Canned Peas,Just Right,2.49,1.12,8.02,yes,no
967,Just Right Chicken Ramen Soup,Just Right,0.61,0.29,12.3,yes,yes
968,Just Right Canned Tuna in Water,Just Right,1.28,0.63,9.48,no,yes
969,Just Right Canned Tuna in Oil,Just Right,1.76,0.79,7.43,no,no
970,Just Right Large Canned Shrimp,Just Right,3.11,1.15,13.9,no,yes
971,Just Right Fancy Canned Anchovies,Just Right,2.85,0.86,10.1,yes,yes
972,Just Right Fancy Canned Clams,Just Right,2.23,0.89,7.65,no,no
973,Just Right Fancy Canned Oysters,Just Right,1.34,0.54,14.8,no,yes
974,Just Right Fancy Canned Sardines,Just Right,0.79,0.27,6.89,yes,yes
975,Just Right Rice Soup,Just Right,3.76,1.69,7.12,no,yes
976,Big City Canned Mixed Fruit,Big City,1.17,0.5,17.8,yes,no
977,Big City Canned Peaches,Big City,0.76,0.3,11.6,yes,no
978,Symphony Rosy Sunglasses,Symphony,1.6,0.7,17.4,yes,no
979,James Bay Eyeglass Screwdriver,James Bay,3.78,1.85,18.3,no,no
980,James Bay City Map,James Bay,1.72,0.53,10.1,yes,no
981,Even Better Low Fat Cottage Cheese,Even Better,1.27,0.44,19.7,no,no
982,Even Better Low Fat Sour Cream,Even Better,2.88,1.04,12.3,no,no
983,Even Better Sour Cream,Even Better,0.82,0.28,20.3,no,no
984,Even Better Jack Cheese,Even Better,0.81,0.25,6.33,yes,yes
985,Even Better Muenster Cheese,Even Better,0.72,0.35,12,yes,yes
986,Even Better String Cheese,Even Better,3.5,1.3,14.6,no,yes
987,Even Better Low Fat String Cheese,Even Better,2.59,1.14,18.6,no,no
988,Even Better Havarti Cheese,Even Better,3.61,1.44,6.94,yes,no
989,Even Better Head Cheese,Even Better,0.84,0.31,13.1,yes,no
990,Even Better Cheese Spread,Even Better,3.12,1.12,7.91,yes,no
991,Even Better Sharp Cheddar Cheese,Even Better,3.25,1.11,17.2,yes,no
992,Even Better Mild Cheddar Cheese,Even Better,1.79,0.88,8.89,no,no
993,Even Better Large Curd Cottage Cheese,Even Better,3.95,1.78,15.9,yes,yes
994,Even Better 2% Milk,Even Better,0.79,0.24,15.7,no,no
995,Even Better Buttermilk,Even Better,1.15,0.56,21.7,no,no
996,Even Better Chocolate Milk,Even Better,0.85,0.28,14.8,yes,no
997,Even Better 1% Milk,Even Better,3.29,1.58,21.8,yes,no
998,Even Better Whole Milk,Even Better,1.25,0.38,8.02,no,no
999,Even Better Strawberry Yogurt,Even Better,2.71,1.14,17.1,yes,yes
1000,Even Better Blueberry Yogurt,Even Better,2.69,1.29,7.42,yes,no
1001,American Chicken Hot Dogs,American,2.52,1.06,19.9,no,yes
1002,American Pimento Loaf,American,2.76,0.86,7.49,yes,yes
1003,American Beef Bologna,American,0.78,0.29,14.2,yes,no
1004,American Low Fat Bologna,American,2.87,0.98,15.8,yes,no
1005,American Turkey Hot Dogs,American,2.74,0.82,21.9,yes,no
1006,American Foot-Long Hot Dogs,American,2.14,0.81,8.4,no,no
1007,American Low Fat Cole Slaw,American,2.27,1.07,7.26,no,yes
1008,American Cole Slaw,American,0.89,0.29,19.9,no,no
1009,American Roasted Chicken,American,2.97,1.16,12.3,yes,no
1010,American Corned Beef,American,2.65,1.25,7.19,yes,yes
1011,American Sliced Turkey,American,3.17,1.36,14.8,no,yes
1012,American Sliced Ham,American,2.76,1.3,6.81,no,yes
1013,American Potato Salad,American,1.55,0.76,20.7,yes,yes
1014,American Sliced Chicken,American,0.59,0.25,7.32,yes,no
1015,National Small Brown Eggs,National,2.19,0.88,18,yes,yes
1016,National Large Brown Eggs,National,1.17,0.43,17,no,yes
1017,National Small Eggs,National,2.89,1.18,21.3,no,yes
1018,National Large Eggs,National,0.93,0.29,16.6,no,yes
1019,National Egg Substitute,National,3.74,1.27,21.3,no,yes
1020,PigTail Low Fat Waffles,PigTail,0.51,0.19,14.7,no,no
1021,PigTail Orange Popsicles,PigTail,1.22,0.43,12.6,no,yes
1022,PigTail Frozen Chicken Breast,PigTail,1.51,0.59,12.5,yes,yes
1023,PigTail Frozen Pancakes,PigTail,1.64,0.67,14.1,no,yes
1024,PigTail Low Fat French Fries,PigTail,3.95,1.46,7.54,yes,no
1025,PigTail Frozen Sausage Pizza,PigTail,1.45,0.54,18.7,no,no
1026,PigTail Blueberry Waffles,PigTail,2.13,0.87,11.2,yes,no
1027,PigTail Fajita French Fries,PigTail,2.31,0.74,6.88,yes,no
1028,PigTail Waffles,PigTail,2.24,0.99,17.6,yes,no
1029,PigTail Frozen Pepperoni Pizza,PigTail,1.68,0.76,6.06,no,yes
1030,PigTail Frozen Cheese Pizza,PigTail,2.64,1.19,12.6,yes,yes
1031,PigTail Frozen Mushroom Pizza,PigTail,1.21,0.5,10.1,yes,yes
1032,PigTail Apple Cinnamon Waffles,PigTail,0.55,0.25,15.9,no,no
1033,PigTail Frozen Carrots,PigTail,1.91,0.71,6.99,no,no
1034,PigTail Turkey TV Dinner,PigTail,2.91,0.93,21.9,yes,no
1035,PigTail Chicken TV Dinner,PigTail,1.11,0.4,18.4,yes,no
1036,PigTail Beef TV Dinner,PigTail,2.14,0.73,14.5,yes,yes
1037,PigTail Pancake Mix,PigTail,0.58,0.21,13.9,yes,no
1038,PigTail Grape Popsicles,PigTail,0.74,0.37,16.5,no,yes
1039,PigTail Home Style French Fries,PigTail,0.81,0.39,9.94,no,no
1040,PigTail Lime Popsicles,PigTail,1.32,0.57,17,no,yes
1041,PigTail Ice Cream,PigTail,0.71,0.23,20,no,yes
1042,PigTail Ice Cream Sandwich,PigTail,1.15,0.56,16.6,yes,no
1043,PigTail Frozen Cauliflower,PigTail,1.57,0.57,7.77,no,yes
1044,PigTail Frozen Broccoli,PigTail,1.27,0.44,10.2,yes,yes
1045,PigTail Frozen Corn,PigTail,3.7,1.7,12.7,yes,no
1046,PigTail Frozen Peas,PigTail,1.66,0.75,9.84,yes,yes
1047,PigTail Popsicles,PigTail,3.23,1.1,10,yes,no
1048,PigTail Frozen Chicken Thighs,PigTail,2.21,1.06,19.5,yes,yes
1049,PigTail Frozen Chicken Wings,PigTail,3.93,1.38,8.35,no,no
1050,PigTail Lemon Popsicles,PigTail,1.28,0.42,15.3,yes,no
1051,Bird Call Silky Smooth Hair Conditioner,Bird Call,0.52,0.17,13.4,no,no
1052,Bird Call Tartar Control Toothpaste,Bird Call,1.4,0.6,17,no,no
1053,Bird Call Whitening Toothpast,Bird Call,1.85,0.89,18.5,no,no
1054,Bird Call Toothpaste,Bird Call,1.48,0.68,14,no,no
1055,Bird Call Deodorant,Bird Call,1.62,0.58,17.6,no,no
1056,Bird Call Conditioning Shampoo,Bird Call,2.93,0.94,15.3,yes,no
1057,Bird Call Extra Moisture Shampoo,Bird Call,1.43,0.56,18.9,yes,no
1058,Bird Call Angled Toothbrush,Bird Call,2.76,1.32,14.4,yes,no
1059,Bird Call Apricot Shampoo,Bird Call,2.28,0.82,16.2,yes,no
1060,Bird Call Childrens Aspirin,Bird Call,2.87,1.18,19.9,no,no
1061,Bird Call Buffered Aspirin,Bird Call,1.66,0.75,15.4,no,no
1062,Bird Call 200 MG Ibuprofen,Bird Call,2.38,0.95,19,yes,no
1063,Bird Call 200 MG Acetominifen,Bird Call,3.18,1.05,20.5,yes,no
1064,Bird Call HCL Nasal Spray,Bird Call,0.54,0.26,17.3,yes,no
1065,Bird Call Dishwasher Detergent,Bird Call,1.88,0.88,20.9,yes,no
1066,Bird Call Multi-Symptom Cold Remedy,Bird Call,2.89,1.24,17.3,no,no
1067,Bird Call Childrens Cold Remedy,Bird Call,1.74,0.71,12.8,yes,no
1068,Bird Call Laundry Detergent,Bird Call,2.11,0.93,16.5,no,no
1069,Bird Call Mint Mouthwash,Bird Call,0.57,0.25,18,no,no
1070,High Quality 60 Watt Lightbulb,High Quality,3.51,1.4,21.6,no,no
1071,High Quality Plastic Forks,High Quality,2.64,1.06,18.4,no,no
1072,High Quality Plastic Spoons,High Quality,1.95,0.59,20.2,yes,no
1073,High Quality Plastic Knives,High Quality,3.45,1.41,7.86,yes,no
1074,High Quality C-Size Batteries,High Quality,3.13,1.35,19.3,yes,no
1075,High Quality 100 Watt Lightbulb,High Quality,1.54,0.59,20.8,no,no
1076,High Quality AAA-Size Batteries,High Quality,3.24,1.56,8.48,no,no
1077,High Quality Paper Plates,High Quality,3.68,1.47,19.9,no,no
1078,High Quality Paper Cups,High Quality,1.64,0.72,7.63,no,no
1079,High Quality 75 Watt Lightbulb,High Quality,2.21,1.06,21.3,no,no
1080,High Quality Toilet Bowl Cleaner,High Quality,2.19,1.03,21.8,yes,no
1081,High Quality Counter Cleaner,High Quality,2.91,1.08,9.51,no,no
1082,High Quality Glass Cleaner,High Quality,1.91,0.57,21.9,yes,no
1083,High Quality 25 Watt Lightbulb,High Quality,0.5,0.2,9.61,yes,no
1084,High Quality AA-Size Batteries,High Quality,1.37,0.55,10.1,yes,no
1085,High Quality D-Size Batteries,High Quality,2.24,0.92,6.88,no,no
1086,High Quality Paper Towels,High Quality,2.53,0.91,10.5,no,no
1087,High Quality Soft Napkins,High Quality,1.66,0.78,7.26,no,no
1088,High Quality Scented Tissue,High Quality,3.32,1.39,19.7,no,no
1089,High Quality Toilet Paper,High Quality,2.47,1.06,7.36,yes,no
1090,High Quality Tissues,High Quality,2.15,0.95,7.88,yes,no
1091,High Quality Scented Toilet Tissue,High Quality,3.56,1.14,11.5,yes,no
1092,High Quality Room Freshener,High Quality,2.38,0.98,7.97,yes,no
1093,High Quality Frying Pan,High Quality,2.81,1.15,20.7,yes,no
1094,High Quality Copper Cleaner,High Quality,3.77,1.58,8.39,yes,no
1095,High Quality Bees Wax Candles,High Quality,1.58,0.49,9.85,no,no
1096,High Quality Silver Cleaner,High Quality,2.56,0.79,13.5,yes,no
1097,High Quality Copper Pot Scrubber,High Quality,2.15,0.73,9.01,no,no
1098,High Quality Economy Toilet Brush,High Quality,1.39,0.61,21.7,yes,no
1099,High Quality Scissors,High Quality,3.24,1.33,9.42,yes,no
1100,High Quality Large Sponge,High Quality,0.72,0.22,20.9,yes,no
1101,High Quality Screw Driver,High Quality,2.62,1.23,7.64,yes,no
1102,Genteel Extra Lean Hamburger,Genteel,1.9,0.86,11.3,yes,no
1103,Genteel Seasoned Hamburger,Genteel,1.15,0.45,11.1,yes,no
1104,Mighty Good Monthly Sports Magazine,Mighty Good,2.45,1.1,15,no,no
1105,Mighty Good Monthly Auto Magazine,Mighty Good,1.85,0.76,13.7,no,no
1106,Mighty Good Monthly Computer Magazine,Mighty Good,1.52,0.47,6.5,no,no
1107,Mighty Good Monthly Home Magazine,Mighty Good,2.7,0.89,18.3,no,no
1108,Mighty Good Monthly Fashion Magazine,Mighty Good,1.64,0.67,18.3,yes,no
1109,Tri-State Summer Squash,Tri-State,0.55,0.24,19.2,no,no
1110,Tri-State Corn on the Cob,Tri-State,2.8,1.32,12.7,no,no
1111,Tri-State Asparagus,Tri-State,0.78,0.25,17.9,yes,no
1112,Tri-State Sweet Peas,Tri-State,3.58,1.43,19.9,no,yes
1113,Tri-State New Potatos,Tri-State,0.67,0.25,17.5,no,no
1114,Tri-State Beets,Tri-State,3.42,1.2,20.6,yes,yes
1115,Tri-State Prepared Salad,Tri-State,2.5,0.9,6.66,yes,no
1116,Tri-State Onions,Tri-State,2.53,0.83,15.9,yes,no
1117,Tri-State Green Pepper,Tri-State,3.64,1.42,12,yes,yes
1118,Tri-State Shitake Mushrooms,Tri-State,2.93,1.44,11.9,yes,no
1119,Tri-State Lettuce,Tri-State,3.17,1.55,7.66,yes,no
1120,Tri-State Elephant Garlic,Tri-State,1.71,0.86,16.1,no,no
1121,Tri-State Red Pepper,Tri-State,3.87,1.7,9.55,yes,yes
1122,Tri-State Garlic,Tri-State,0.74,0.32,15.2,yes,no
1123,Tri-State Potatos,Tri-State,1.96,0.92,8.17,no,yes
1124,Tri-State Cauliflower,Tri-State,0.81,0.41,6.63,yes,no
1125,Tri-State Tomatos,Tri-State,2.21,0.82,19.6,yes,yes
1126,Tri-State Mushrooms,Tri-State,1.16,0.42,17.1,yes,no
1127,Tri-State Baby Onion,Tri-State,2.62,1.02,12.8,no,yes
1128,Tri-State Dried Mushrooms,Tri-State,2.61,1.04,17.6,yes,no
1129,Tri-State Fresh Lima Beans,Tri-State,2.43,0.95,18.8,yes,no
1130,Tri-State Squash,Tri-State,1.55,0.56,14,yes,no
1131,Tri-State Limes,Tri-State,2.4,1.08,13.7,no,no
1132,Tri-State Firm Tofu,Tri-State,1.66,0.51,13.6,no,no
1133,Tri-State Almonds,Tri-State,1.54,0.6,17.5,yes,yes
1134,Tri-State Macintosh Apples,Tri-State,1.82,0.67,21,yes,no
1135,Tri-State Golden Delcious Apples,Tri-State,1.96,0.76,7.61,no,yes
1136,Tri-State Red Delcious Apples,Tri-State,3.61,1.77,13.7,yes,yes
1137,Tri-State Lemons,Tri-State,1.77,0.64,17.1,no,no
1138,Tri-State Fancy Plums,Tri-State,2.44,0.78,13.7,yes,yes
1139,Tri-State Plums,Tri-State,2.86,1.4,9.37,yes,yes
1140,Tri-State Peaches,Tri-State,2.56,1.08,10.5,no,yes
1141,Tri-State Broccoli,Tri-State,1.34,0.66,10.3,no,no
1142,Tri-State Mandarin Oranges,Tri-State,2.95,1.36,15.2,no,yes
1143,Tri-State Mixed Nuts,Tri-State,1.76,0.69,8.69,no,no
1144,Tri-State Canned Peanuts,Tri-State,0.85,0.31,21.2,yes,no
1145,Tri-State Sweet Onion,Tri-State,1.57,0.55,21.4,no,no
1146,Tri-State Cantelope,Tri-State,2.57,0.98,18,yes,no
1147,Tri-State Honey Dew,Tri-State,1.42,0.44,9.62,no,no
1148,Tri-State Fuji Apples,Tri-State,2.69,0.83,13.1,no,no
1149,Tri-State Walnuts,Tri-State,0.88,0.39,19.7,no,yes
1150,Tri-State Oranges,Tri-State,3.19,1.53,9.1,yes,no
1151,Tri-State Tangerines,Tri-State,0.62,0.31,15.6,yes,yes
1152,Tri-State Party Nuts,Tri-State,2.63,1,13.6,yes,no
1153,Dual City Lox,Dual City,0.52,0.19,18.8,yes,no
1154,Dual City Scallops,Dual City,1.7,0.53,12.7,yes,no
1155,Horatio Low Fat Cookies,Horatio,1.88,0.81,16.1,no,no
1156,Horatio BBQ Potato Chips,Horatio,1.82,0.8,9.16,yes,yes
1157,Horatio Corn Chips,Horatio,3.36,1.65,20.4,yes,no
1158,Horatio Low Fat BBQ Chips,Horatio,1.32,0.49,14.2,no,yes
1159,Horatio Sugar Cookies,Horatio,3.78,1.4,16.7,yes,yes
1160,Horatio Chocolate Chip Cookies,Horatio,2.76,0.88,11,yes,yes
1161,Horatio Fudge Cookies,Horatio,3.59,1.76,11.8,no,no
1162,Horatio Fudge Brownies,Horatio,1.59,0.49,6.18,yes,yes
1163,Horatio Potato Chips,Horatio,0.82,0.35,16.4,yes,no
1164,Horatio Lemon Cookies,Horatio,1.71,0.79,17.1,yes,yes
1165,Horatio Graham Crackers,Horatio,2.82,0.96,18.3,yes,no
1166,Horatio Cheese Crackers,Horatio,2.21,1.11,18.5,no,no
1167,Horatio Buttered Popcorn,Horatio,2.35,1.08,17.8,yes,no
1168,Horatio No Salt Popcorn,Horatio,3.82,1.68,18.5,yes,no
1169,Horatio Low Fat Popcorn,Horatio,2.98,1.13,15.1,no,no
1170,Horatio Salsa Dip,Horatio,2.65,0.9,21.8,yes,no
1171,Horatio Avocado Dip,Horatio,3.18,1.18,12,no,yes
1172,Horatio Salted Pretzels,Horatio,2.77,1.22,18.7,no,no
1173,Horatio Cheese Dip,Horatio,2.31,1.13,7.04,no,no
1174,Horatio Fondue Mix,Horatio,2.27,0.82,19.6,no,no
1175,Horatio Mini Donuts,Horatio,1.73,0.55,7.57,yes,no
1176,Horatio Beef Jerky,Horatio,1.71,0.84,9.63,yes,yes
1177,Horatio Chocolate Donuts,Horatio,1.54,0.62,8.44,no,yes
1178,Horatio Low Fat Chips,Horatio,3.78,1.78,10.5,no,no
1179,Horatio Sesame Crackers,Horatio,2.63,1.1,12.6,no,no
1180,Horatio Frosted Cookies,Horatio,3.9,1.68,10.6,yes,no
1181,Horatio Dried Apples,Horatio,1.77,0.64,20.9,yes,no
1182,Horatio Apple Fruit Roll,Horatio,1.4,0.59,7.87,no,no
1183,Horatio Strawberry Fruit Roll,Horatio,1.54,0.69,7.71,yes,yes
1184,Horatio Raspberry Fruit Roll,Horatio,2.84,1.19,11.1,no,yes
1185,Horatio Grape Fruit Roll,Horatio,1.35,0.51,16.4,yes,no
1186,Horatio Dried Dates,Horatio,1.68,0.55,9.01,yes,no
1187,Horatio Raisins,Horatio,2.2,1.03,17.9,yes,no
1188,Horatio Golden Raisins,Horatio,1.79,0.77,18.6,yes,yes
1189,Horatio Dried Apricots,Horatio,0.76,0.25,12.4,no,no
1190,Horatio Frosted Donuts,Horatio,1.3,0.55,11.8,no,yes
1191,Musial Tasty Candy Bar,Musial,2.1,0.95,19.7,yes,no
1192,Musial Mint Chocolate Bar,Musial,0.98,0.32,13.5,no,yes
1193,Musial Malted Milk Balls,Musial,0.89,0.43,13.8,no,yes
1194,Musial Semi-Sweet Chocolate Bar,Musial,2.81,1.15,19.6,no,no
1195,Musial Bubble Gum,Musial,1.66,0.56,8.49,yes,no
1196,Musial Spicy Mints,Musial,2.92,1.26,14.6,no,no
1197,Musial Mints,Musial,3.14,1.29,10.3,no,no
1198,Musial White Chocolate Bar,Musial,3.43,1.3,16,no,no
1199,Colossal Ravioli,Colossal,2.56,1.08,8.6,no,yes
1200,Colossal Manicotti,Colossal,1.87,0.58,14.7,yes,no
1201,Colossal Spaghetti,Colossal,3.37,1.65,21.9,yes,no
1202,Colossal Thai Rice,Colossal,3.94,1.77,14.3,yes,no
1203,Colossal Rice Medly,Colossal,1.46,0.53,15,yes,yes
1204,Portsmouth Imported Beer,Portsmouth,2.16,0.99,16.2,yes,no
1205,Portsmouth Light Wine,Portsmouth,2.6,1.07,19.3,no,no
1206,Portsmouth Chardonnay Wine,Portsmouth,3.43,1.23,8.41,no,no
1207,Portsmouth Chablis Wine,Portsmouth,1.89,0.76,21.2,yes,no
1208,Portsmouth Merlot Wine,Portsmouth,2.87,1.41,10.3,yes,no
1209,Portsmouth Chardonnay,Portsmouth,2.7,0.84,13.1,yes,no
1210,Portsmouth White Zinfandel Wine,Portsmouth,1.7,0.83,11.2,yes,no
1211,Portsmouth Light Beer,Portsmouth,3.79,1.74,16.3,yes,no
1212,Sphinx Pumpernickel Bread,Sphinx,0.53,0.22,8.16,yes,yes
1213,Sphinx White Bread,Sphinx,2.93,1,18.9,yes,no
1214,Sphinx Rye Bread,Sphinx,1.32,0.58,17.8,no,no
1215,Sphinx English Muffins,Sphinx,1.46,0.5,6.26,yes,yes
1216,Sphinx Cranberry Muffins,Sphinx,2.11,0.93,13.8,no,yes
1217,Sphinx Muffins,Sphinx,1.27,0.61,18.1,no,no
1218,Sphinx Bagels,Sphinx,1.83,0.77,16,yes,no
1219,Sphinx Blueberry Muffins,Sphinx,2.36,1.11,7.55,yes,yes
1220,Sphinx Wheat Bread,Sphinx,1.95,0.94,10.1,yes,yes
1221,Plato Sesame Oil,Plato,1.49,0.66,21.7,no,yes
1222,Plato Chunky Peanut Butter,Plato,2.45,0.93,12,yes,yes
1223,Plato Hot Chocolate,Plato,0.59,0.29,17.3,no,yes
1224,Plato Brown Sugar,Plato,1.24,0.41,10.2,no,no
1225,Plato White Sugar,Plato,1.72,0.74,11.4,no,no
1226,Plato French Roast Coffee,Plato,2.96,1.01,9.43,yes,no
1227,Plato Decaf Coffee,Plato,2.81,0.87,6.23,yes,no
1228,Plato Regular Coffee,Plato,2.19,0.99,6.78,no,no
1229,Plato Vegetable Oil,Plato,1.3,0.44,14.5,yes,no
1230,Plato Corn Oil,Plato,0.77,0.25,13.4,yes,yes
1231,Plato Tomato Sauce,Plato,3.71,1.19,11.8,no,no
1232,Plato Canola Oil,Plato,1.13,0.4,7.95,no,no
1233,Plato Grape Preserves,Plato,0.73,0.34,20.9,no,yes
1234,Plato Columbian Coffee,Plato,0.56,0.25,16.7,no,no
1235,Plato Strawberry Jelly,Plato,1.38,0.65,14.9,yes,no
1236,Plato Pepper,Plato,3.32,1.43,16.5,yes,yes
1237,Plato Low Fat Apple Butter,Plato,2.75,1.13,9.02,no,yes
1238,Plato Salt,Plato,1.47,0.47,14.8,yes,yes
1239,Plato Apple Butter,Plato,2.28,0.75,12.7,yes,no
1240,Plato Oregano,Plato,2.26,0.72,15.7,yes,no
1241,Plato Apple Jelly,Plato,2.98,0.95,6.42,no,no
1242,Plato Grape Jam,Plato,1.98,0.61,19.9,no,no
1243,Plato Apple Jam,Plato,1.18,0.54,9.7,yes,yes
1244,Plato Strawberry Jam,Plato,1.21,0.47,19,yes,no
1245,Plato Creamy Peanut Butter,Plato,2.32,0.77,18.3,no,yes
1246,Plato Strawberry Preserves,Plato,1.54,0.51,14.5,yes,no
1247,Plato Extra Chunky Peanut Butter,Plato,1.68,0.6,19.3,yes,no
1248,Plato Apple Preserves,Plato,3.33,1.07,12.6,yes,no
1249,Plato Grape Jelly,Plato,1.48,0.47,9.3,yes,yes
1250,Skinner Berry Juice,Skinner,2.16,0.73,9.17,no,no
1251,Skinner Mango Drink,Skinner,3.58,1.47,11.4,yes,no
1252,Skinner Strawberry Drink,Skinner,2.28,1,21.8,no,no
1253,Skinner Cream Soda,Skinner,1.71,0.51,8.77,yes,no
1254,Skinner Diet Soda,Skinner,3.67,1.61,8.31,yes,no
1255,Skinner Cola,Skinner,1.24,0.42,20.7,yes,no
1256,Skinner Diet Cola,Skinner,1.22,0.5,15.2,yes,no
1257,Skinner Orange Juice,Skinner,1.94,0.72,7.87,yes,no
1258,Skinner Cranberry Juice,Skinner,0.61,0.25,15.2,no,no
1259,Skinner Apple Juice,Skinner,2.14,0.94,14.7,yes,no
1260,Skinner Apple Drink,Skinner,0.67,0.33,7.11,no,yes
1261,Johnson Oatmeal,Johnson,0.6,0.29,18.3,yes,yes
1262,Johnson Corn Puffs,Johnson,0.76,0.27,11.1,no,yes
1263,Johnson Wheat Puffs,Johnson,0.83,0.28,10.5,no,yes
1264,Johnson Grits,Johnson,2.35,1.03,21.2,no,yes
1265,Pleasant Canned Beets,Pleasant,0.72,0.26,9.71,yes,no
1266,Pleasant Creamed Corn,Pleasant,1.18,0.47,10,no,no
1267,Pleasant Canned String Beans,Pleasant,1.6,0.67,7.5,yes,no
1268,Pleasant Chicken Soup,Pleasant,1.3,0.59,20.5,no,yes
1269,Pleasant Canned Yams,Pleasant,3.97,1.51,11.5,no,no
1270,Pleasant Vegetable Soup,Pleasant,2.69,1.02,20.5,yes,no
1271,Pleasant Canned Tomatos,Pleasant,3.5,1.68,6.12,yes,yes
1272,Pleasant Noodle Soup,Pleasant,2.48,0.89,18.2,no,yes
1273,Pleasant Regular Ramen Soup,Pleasant,3.31,1.09,12.5,yes,yes
1274,Pleasant Chicken Noodle Soup,Pleasant,1.31,0.55,20.2,yes,no
1275,Pleasant Turkey Noodle Soup,Pleasant,1.17,0.48,13.5,yes,no
1276,Pleasant Beef Soup,Pleasant,1.43,0.57,16.9,yes,no
1277,Pleasant Canned Peas,Pleasant,2.54,1.27,19.9,yes,no
1278,Pleasant Chicken Ramen Soup,Pleasant,2.82,1.27,20.2,yes,yes
1279,Pleasant Canned Tuna in Water,Pleasant,2.96,0.95,6.41,yes,no
1280,Pleasant Canned Tuna in Oil,Pleasant,1.37,0.67,8.91,yes,no
1281,Pleasant Large Canned Shrimp,Pleasant,2.77,0.89,16,no,yes
1282,Pleasant Fancy Canned Anchovies,Pleasant,3.44,1.14,9.42,yes,yes
1283,Pleasant Fancy Canned Clams,Pleasant,0.79,0.3,9.65,yes,no
1284,Pleasant Fancy Canned Oysters,Pleasant,2.43,1.17,8.46,no,no
1285,Pleasant Fancy Canned Sardines,Pleasant,1.87,0.69,13.2,yes,yes
1286,Pleasant Rice Soup,Pleasant,0.9,0.41,14,yes,yes
1287,Toucan Canned Mixed Fruit,Toucan,1.4,0.63,17.9,yes,yes
1288,Toucan Canned Peaches,Toucan,1.38,0.63,16.8,no,no
1289,Toretti Rosy Sunglasses,Toretti,1.21,0.54,18.9,no,no
1290,Framton Eyeglass Screwdriver,Framton,3.21,1.41,19.8,yes,no
1291,Framton City Map,Framton,2.3,1.1,20.7,yes,no
1292,Booker Low Fat Cottage Cheese,Booker,3.33,1.6,18.5,no,no
1293,Booker Low Fat Sour Cream,Booker,1.44,0.46,8.25,no,yes
1294,Booker Sour Cream,Booker,1.72,0.77,6.75,yes,yes
1295,Booker Jack Cheese,Booker,1.85,0.93,14.8,yes,no
1296,Booker Muenster Cheese,Booker,2.51,0.95,14.1,yes,no
1297,Booker String Cheese,Booker,1.66,0.53,21.6,yes,no
1298,Booker Low Fat String Cheese,Booker,1.34,0.43,6.3,yes,no
1299,Booker Havarti Cheese,Booker,2.76,1.16,13.8,yes,yes
1300,Booker Head Cheese,Booker,1.45,0.54,17.3,yes,no
1301,Booker Cheese Spread,Booker,0.94,0.43,8.42,yes,no
1302,Booker Sharp Cheddar Cheese,Booker,1.85,0.74,11.9,yes,yes
1303,Booker Mild Cheddar Cheese,Booker,0.68,0.25,12.2,no,no
1304,Booker Large Curd Cottage Cheese,Booker,0.67,0.23,7.43,no,yes
1305,Booker 2% Milk,Booker,0.57,0.28,16.3,no,no
1306,Booker Buttermilk,Booker,2.47,0.86,13.1,no,no
1307,Booker Chocolate Milk,Booker,1.32,0.55,18.6,yes,no
1308,Booker 1% Milk,Booker,2.58,1.16,18.3,no,no
1309,Booker Whole Milk,Booker,3.46,1.28,15.1,yes,no
1310,Booker Strawberry Yogurt,Booker,3.98,1.27,20.9,no,no
1311,Booker Blueberry Yogurt,Booker,3.22,1.19,21.7,no,yes
1312,Lake Chicken Hot Dogs,Lake,1.53,0.75,12.3,no,yes
1313,Lake Pimento Loaf,Lake,3.92,1.92,19.4,yes,yes
1314,Lake Beef Bologna,Lake,0.64,0.26,7.79,yes,yes
1315,Lake Low Fat Bologna,Lake,1.78,0.75,14.4,no,yes
1316,Lake Turkey Hot Dogs,Lake,0.71,0.22,17,yes,yes
1317,Lake Foot-Long Hot Dogs,Lake,2.26,0.95,9.54,yes,yes
1318,Lake Low Fat Cole Slaw,Lake,0.93,0.34,14.4,yes,no
1319,Lake Cole Slaw,Lake,1.68,0.59,13.2,no,yes
1320,Lake Roasted Chicken,Lake,2.66,1.2,21.2,no,yes
1321,Lake Corned Beef,Lake,2.49,1,16.9,yes,no
1322,Lake Sliced Turkey,Lake,3.2,1.02,6.66,no,yes
1323,Lake Sliced Ham,Lake,2.94,1.03,10.5,yes,yes
1324,Lake Potato Salad,Lake,3.31,1.46,13.5,no,no
1325,Lake Sliced Chicken,Lake,1.43,0.7,12.8,no,yes
1326,Giant Small Brown Eggs,Giant,1.71,0.77,9.05,no,yes
1327,Giant Large Brown Eggs,Giant,3.84,1.61,18.8,no,no
1328,Giant Small Eggs,Giant,2.26,0.75,12.2,no,yes
1329,Giant Large Eggs,Giant,1.65,0.78,19.8,yes,yes
1330,Giant Egg Substitute,Giant,1.33,0.48,10.9,yes,yes
1331,Carrington Low Fat Waffles,Carrington,2.74,0.85,10.3,yes,no
1332,Carrington Orange Popsicles,Carrington,0.69,0.21,14.7,yes,no
1333,Carrington Frozen Chicken Breast,Carrington,0.93,0.43,9.92,yes,yes
1334,Carrington Frozen Pancakes,Carrington,1.84,0.55,19.7,yes,no
1335,Carrington Low Fat French Fries,Carrington,2.41,0.94,8.15,no,no
1336,Carrington Frozen Sausage Pizza,Carrington,3.39,1.53,18.8,yes,no
1337,Carrington Blueberry Waffles,Carrington,0.57,0.21,7.64,no,yes
1338,Carrington Fajita French Fries,Carrington,2.22,0.67,16.1,yes,no
1339,Carrington Waffles,Carrington,1.31,0.5,10.4,yes,yes
1340,Carrington Frozen Pepperoni Pizza,Carrington,2.57,1.18,12.1,yes,yes
1341,Carrington Frozen Cheese Pizza,Carrington,3.45,1.66,19.2,yes,yes
1342,Carrington Frozen Mushroom Pizza,Carrington,3.73,1.34,18.5,no,no
1343,Carrington Apple Cinnamon Waffles,Carrington,2.87,0.89,13.7,yes,yes
1344,Carrington Frozen Carrots,Carrington,1.52,0.58,9.89,yes,no
1345,Carrington Turkey TV Dinner,Carrington,3.68,1.77,10.2,no,yes
1346,Carrington Chicken TV Dinner,Carrington,2.35,0.89,9.06,yes,no
1347,Carrington Beef TV Dinner,Carrington,1.77,0.83,21.2,yes,yes
1348,Carrington Pancake Mix,Carrington,2.47,0.91,14.5,no,yes
1349,Carrington Grape Popsicles,Carrington,2.9,1.13,12.5,no,yes
1350,Carrington Home Style French Fries,Carrington,0.92,0.45,6.87,no,no
1351,Carrington Lime Popsicles,Carrington,1.67,0.62,20.2,no,no
1352,Carrington Ice Cream,Carrington,2.65,1.19,17.7,yes,yes
1353,Carrington Ice Cream Sandwich,Carrington,2.24,1.03,13.9,yes,no
1354,Carrington Frozen Cauliflower,Carrington,1.48,0.55,9.18,no,no
1355,Carrington Frozen Broccoli,Carrington,0.63,0.24,17.2,yes,no
1356,Carrington Frozen Corn,Carrington,1.6,0.66,11.9,no,no
1357,Carrington Frozen Peas,Carrington,2.71,1.19,21.8,yes,yes
1358,Carrington Popsicles,Carrington,2.1,0.97,11.5,no,no
1359,Carrington Frozen Chicken Thighs,Carrington,1.24,0.55,21.5,yes,yes
1360,Carrington Frozen Chicken Wings,Carrington,2.42,1.09,9.4,no,yes
1361,Carrington Lemon Popsicles,Carrington,1.81,0.58,11.5,yes,no
1362,Hilltop Silky Smooth Hair Conditioner,Hilltop,1.49,0.46,13.1,no,no
1363,Hilltop Tartar Control Toothpaste,Hilltop,2.66,0.82,8.5,no,no
1364,Hilltop Whitening Toothpast,Hilltop,1.6,0.53,19.8,yes,no
1365,Hilltop Toothpaste,Hilltop,0.53,0.24,6.18,yes,no
1366,Hilltop Deodorant,Hilltop,2.76,1.32,17.2,no,no
1367,Hilltop Conditioning Shampoo,Hilltop,3.57,1.79,16.3,no,no
1368,Hilltop Extra Moisture Shampoo,Hilltop,3.55,1.24,18.6,yes,no
1369,Hilltop Angled Toothbrush,Hilltop,3.38,1.08,13.7,yes,no
1370,Hilltop Apricot Shampoo,Hilltop,2.38,1.17,16,yes,no
1371,Hilltop Childrens Aspirin,Hilltop,2.47,1.01,6.4,yes,no
1372,Hilltop Buffered Aspirin,Hilltop,2.49,0.95,6.49,yes,no
1373,Hilltop 200 MG Ibuprofen,Hilltop,3.6,1.37,8.77,yes,no
1374,Hilltop 200 MG Acetominifen,Hilltop,2.89,1.42,18.9,yes,no
1375,Hilltop HCL Nasal Spray,Hilltop,2.13,0.77,21.1,yes,no
1376,Hilltop Dishwasher Detergent,Hilltop,1.68,0.79,21.5,yes,no
1377,Hilltop Multi-Symptom Cold Remedy,Hilltop,2.83,1.33,10.6,yes,no
1378,Hilltop Childrens Cold Remedy,Hilltop,0.73,0.37,12.9,yes,no
1379,Hilltop Laundry Detergent,Hilltop,1.92,0.94,9.26,no,no
1380,Hilltop Mint Mouthwash,Hilltop,3.62,1.41,19.3,no,no
1381,Sunset 60 Watt Lightbulb,Sunset,2.17,1.06,21.6,no,no
1382,Sunset Plastic Forks,Sunset,1.13,0.51,21.7,yes,no
1383,Sunset Plastic Spoons,Sunset,2.59,1.06,19,no,no
1384,Sunset Plastic Knives,Sunset,2.57,1.21,13.1,no,no
1385,Sunset C-Size Batteries,Sunset,2.4,0.77,14.5,yes,no
1386,Sunset 100 Watt Lightbulb,Sunset,1.64,0.56,16.7,yes,no
1387,Sunset AAA-Size Batteries,Sunset,3.49,1.15,10.9,yes,no
1388,Sunset Paper Plates,Sunset,1.75,0.75,13.2,yes,no
1389,Sunset Paper Cups,Sunset,2.63,0.89,13.6,yes,no
1390,Sunset 75 Watt Lightbulb,Sunset,1.91,0.88,18.7,yes,no
1391,Sunset Toilet Bowl Cleaner,Sunset,1.16,0.49,20.9,yes,no
1392,Sunset Counter Cleaner,Sunset,0.83,0.4,21,no,no
1393,Sunset Glass Cleaner,Sunset,1.85,0.81,16.4,yes,no
1394,Sunset 25 Watt Lightbulb,Sunset,2.53,0.99,18.7,yes,no
1395,Sunset AA-Size Batteries,Sunset,2.95,1.3,17.9,yes,no
1396,Sunset D-Size Batteries,Sunset,2.65,1.14,15.1,no,no
1397,Sunset Paper Towels,Sunset,1.43,0.54,10.2,no,no
1398,Sunset Soft Napkins,Sunset,3.15,1.07,9.38,yes,no
1399,Sunset Scented Tissue,Sunset,1.78,0.53,11.6,yes,no
1400,Sunset Toilet Paper,Sunset,0.86,0.39,8,no,no
1401,Sunset Tissues,Sunset,1.59,0.65,10.2,no,no
1402,Sunset Scented Toilet Tissue,Sunset,2.59,1.17,9.43,no,no
1403,Sunset Room Freshener,Sunset,2.44,0.93,15.7,yes,no
1404,Sunset Frying Pan,Sunset,2.71,1.27,18,no,no
1405,Sunset Copper Cleaner,Sunset,0.89,0.33,17.2,no,no
1406,Sunset Bees Wax Candles,Sunset,0.56,0.24,12.2,yes,no
1407,Sunset Silver Cleaner,Sunset,0.63,0.25,14.5,yes,no
1408,Sunset Copper Pot Scrubber,Sunset,2.65,1.01,9.92,no,no
1409,Sunset Economy Toilet Brush,Sunset,0.53,0.16,7.18,no,no
1410,Sunset Scissors,Sunset,1.72,0.53,17.3,no,no
1411,Sunset Large Sponge,Sunset,1.9,0.59,17.4,yes,no
1412,Sunset Screw Driver,Sunset,1.83,0.75,19.6,yes,no
1413,Gerolli Extra Lean Hamburger,Gerolli,3.38,1.32,13.8,yes,yes
1414,Gerolli Seasoned Hamburger,Gerolli,1.34,0.66,19.5,yes,no
1415,Gauss Monthly Sports Magazine,Gauss,3.8,1.33,13.7,yes,no
1416,Gauss Monthly Auto Magazine,Gauss,2.78,1.03,16.1,yes,no
1417,Gauss Monthly Computer Magazine,Gauss,3.61,1.73,15.6,no,no
1418,Gauss Monthly Home Magazine,Gauss,1.61,0.74,13.3,no,no
1419,Gauss Monthly Fashion Magazine,Gauss,0.83,0.27,15.7,yes,no
1420,Hermanos Summer Squash,Hermanos,1.73,0.8,15.2,no,yes
1421,Hermanos Corn on the Cob,Hermanos,2.84,1.39,13.7,no,yes
1422,Hermanos Asparagus,Hermanos,2.23,1.12,8.02,yes,no
1423,Hermanos Sweet Peas,Hermanos,2.37,1.11,14.1,no,yes
1424,Hermanos New Potatos,Hermanos,3.91,1.25,17.2,yes,no
1425,Hermanos Beets,Hermanos,2.18,0.72,18.3,no,no
1426,Hermanos Prepared Salad,Hermanos,3.74,1.76,13.1,no,yes
1427,Hermanos Onions,Hermanos,3.27,1.34,16.1,yes,no
1428,Hermanos Green Pepper,Hermanos,3.86,1.27,17.3,no,no
1429,Hermanos Shitake Mushrooms,Hermanos,2.4,1.2,7.06,yes,no
1430,Hermanos Lettuce,Hermanos,3.36,1.18,18.7,yes,yes
1431,Hermanos Elephant Garlic,Hermanos,2.82,0.87,9.75,yes,yes
1432,Hermanos Red Pepper,Hermanos,1.8,0.59,8.22,no,no
1433,Hermanos Garlic,Hermanos,2.63,1.32,16.2,no,yes
1434,Hermanos Potatos,Hermanos,0.93,0.47,18.3,yes,yes
1435,Hermanos Cauliflower,Hermanos,2.72,1.25,17.2,no,yes
1436,Hermanos Tomatos,Hermanos,0.92,0.37,13.8,yes,yes
1437,Hermanos Mushrooms,Hermanos,1.74,0.73,11.3,no,yes
1438,Hermanos Baby Onion,Hermanos,1.37,0.67,8.33,no,no
1439,Hermanos Dried Mushrooms,Hermanos,1.5,0.75,9.99,no,no
1440,Hermanos Fresh Lima Beans,Hermanos,2.81,1.1,10.7,no,no
1441,Hermanos Squash,Hermanos,1.31,0.64,14.6,yes,no
1442,Hermanos Limes,Hermanos,1.64,0.72,17.2,no,no
1443,Hermanos Firm Tofu,Hermanos,2.17,0.87,6.96,yes,yes
1444,Hermanos Almonds,Hermanos,1.76,0.63,11.2,yes,yes
1445,Hermanos Macintosh Apples,Hermanos,0.74,0.27,8.69,no,no
1446,Hermanos Golden Delcious Apples,Hermanos,1.26,0.4,7.09,no,no
1447,Hermanos Red Delcious Apples,Hermanos,2.96,1.18,16.5,no,yes
1448,Hermanos Lemons,Hermanos,3.94,1.62,6.79,no,yes
1449,Hermanos Fancy Plums,Hermanos,0.87,0.31,17.5,yes,yes
1450,Hermanos Plums,Hermanos,2.77,1.3,17.4,yes,no
1451,Hermanos Peaches,Hermanos,1.62,0.63,17.1,yes,yes
1452,Hermanos Broccoli,Hermanos,2.89,1.39,8.68,no,no
1453,Hermanos Mandarin Oranges,Hermanos,3.11,1.49,17.6,yes,yes
1454,Hermanos Mixed Nuts,Hermanos,3.39,1.15,17.4,yes,yes
1455,Hermanos Canned Peanuts,Hermanos,2.53,1.11,16.8,yes,no
1456,Hermanos Sweet Onion,Hermanos,1.83,0.73,9.71,yes,no
1457,Hermanos Cantelope,Hermanos,3.34,1.5,21.3,no,yes
1458,Hermanos Honey Dew,Hermanos,2.9,1.33,21.6,yes,yes
1459,Hermanos Fuji Apples,Hermanos,1.43,0.6,19.1,yes,no
1460,Hermanos Walnuts,Hermanos,2.13,0.68,11.1,yes,no
1461,Hermanos Oranges,Hermanos,2.56,1.18,15,yes,yes
1462,Hermanos Tangerines,Hermanos,0.73,0.23,16.2,no,no
1463,Hermanos Party Nuts,Hermanos,1.98,0.75,12.4,yes,no
1464,Amigo Lox,Amigo,2.96,1.24,21.4,yes,no
1465,Amigo Scallops,Amigo,2.79,1.28,7.92,no,yes
1466,Fort West Low Fat Cookies,Fort West,1.8,0.61,11.7,yes,no
1467,Fort West BBQ Potato Chips,Fort West,3.88,1.67,16.1,yes,yes
1468,Fort West Corn Chips,Fort West,1.26,0.55,12.2,yes,yes
1469,Fort West Low Fat BBQ Chips,Fort West,2.13,0.72,19.3,no,no
1470,Fort West Sugar Cookies,Fort West,2.41,0.92,21.8,yes,no
1471,Fort West Chocolate Chip Cookies,Fort West,1.55,0.76,18,no,no
1472,Fort West Fudge Cookies,Fort West,2.2,0.9,8.28,yes,no
1473,Fort West Fudge Brownies,Fort West,2.36,1.18,6.68,no,yes
1474,Fort West Potato Chips,Fort West,2.15,0.71,16,yes,no
1475,Fort West Lemon Cookies,Fort West,3.56,1.39,16.2,no,no
1476,Fort West Graham Crackers,Fort West,2.26,0.88,8.77,no,yes
1477,Fort West Cheese Crackers,Fort West,2.7,1.03,16.3,yes,yes
1478,Fort West Buttered Popcorn,Fort West,2.66,1.06,9.31,no,yes
1479,Fort West No Salt Popcorn,Fort West,1.46,0.61,18.3,yes,yes
1480,Fort West Low Fat Popcorn,Fort West,1.44,0.49,21.2,no,yes
1481,Fort West Salsa Dip,Fort West,1.93,0.81,10.5,yes,yes
1482,Fort West Avocado Dip,Fort West,0.6,0.23,19.9,yes,no
1483,Fort West Salted Pretzels,Fort West,2.13,0.98,11,yes,yes
1484,Fort West Cheese Dip,Fort West,0.66,0.3,11.2,yes,no
1485,Fort West Fondue Mix,Fort West,1.5,0.54,8.76,yes,no
1486,Fort West Mini Donuts,Fort West,1.78,0.87,19,yes,no
1487,Fort West Beef Jerky,Fort West,0.95,0.42,13.8,yes,no
1488,Fort West Chocolate Donuts,Fort West,2.34,0.94,12.2,no,yes
1489,Fort West Low Fat Chips,Fort West,1.73,0.78,13.3,yes,no
1490,Fort West Sesame Crackers,Fort West,1.4,0.66,9.14,no,yes
1491,Fort West Frosted Cookies,Fort West,2.58,1.06,17.1,no,yes
1492,Fort West Dried Apples,Fort West,1.52,0.62,12.4,yes,yes
1493,Fort West Apple Fruit Roll,Fort West,3.96,1.58,6.78,no,yes
1494,Fort West Strawberry Fruit Roll,Fort West,1.68,0.82,18.4,no,yes
1495,Fort West Raspberry Fruit Roll,Fort West,3.48,1.18,15.3,yes,yes
1496,Fort West Grape Fruit Roll,Fort West,2.47,0.99,20.1,no,no
1497,Fort West Dried Dates,Fort West,3.29,1.25,12.1,no,no
1498,Fort West Raisins,Fort West,2.3,0.76,8.32,no,no
1499,Fort West Golden Raisins,Fort West,1.39,0.53,7.18,no,no
1500,Fort West Dried Apricots,Fort West,2.41,0.94,9.79,yes,yes
1501,Fort West Frosted Donuts,Fort West,2.52,0.98,10,yes,no
1502,Gulf Coast Tasty Candy Bar,Gulf Coast,2.81,0.96,7.11,yes,yes
1503,Gulf Coast Mint Chocolate Bar,Gulf Coast,2.94,1.03,21.9,yes,no
1504,Gulf Coast Malted Milk Balls,Gulf Coast,1.59,0.64,21.8,yes,no
1505,Gulf Coast Semi-Sweet Chocolate Bar,Gulf Coast,2.75,1.16,14.7,no,no
1506,Gulf Coast Bubble Gum,Gulf Coast,3.43,1.68,13.2,no,no
1507,Gulf Coast Spicy Mints,Gulf Coast,1.84,0.88,18.9,yes,no
1508,Gulf Coast Mints,Gulf Coast,3.54,1.35,10.9,yes,no
1509,Gulf Coast White Chocolate Bar,Gulf Coast,2.98,1.25,19.3,yes,no
1510,Jardon Ravioli,Jardon,0.96,0.45,17.7,yes,yes
1511,Jardon Manicotti,Jardon,1.2,0.44,11.5,yes,yes
1512,Jardon Spaghetti,Jardon,0.54,0.24,13.7,yes,no
1513,Jardon Thai Rice,Jardon,1.9,0.63,13.5,yes,no
1514,Jardon Rice Medly,Jardon,0.58,0.23,17.4,no,no
1515,Top Measure Imported Beer,Top Measure,1.1,0.52,11.8,yes,no
1516,Top Measure Light Wine,Top Measure,3.36,1.65,10,no,no
1517,Top Measure Chardonnay Wine,Top Measure,0.58,0.2,12.2,yes,no
1518,Top Measure Chablis Wine,Top Measure,3.52,1.65,10.4,yes,no
1519,Top Measure Merlot Wine,Top Measure,0.81,0.29,17.3,yes,no
1520,Top Measure Chardonnay,Top Measure,2.31,0.72,7.38,no,no
1521,Top Measure White Zinfandel Wine,Top Measure,0.7,0.26,16.5,yes,no
1522,Top Measure Light Beer,Top Measure,1.14,0.49,12.8,no,no
1523,Modell Pumpernickel Bread,Modell,1.56,0.5,21.9,yes,yes
1524,Modell White Bread,Modell,1.26,0.55,10.3,yes,yes
1525,Modell Rye Bread,Modell,3.93,1.85,15.5,yes,yes
1526,Modell English Muffins,Modell,1.65,0.81,15.3,no,yes
1527,Modell Cranberry Muffins,Modell,3.46,1.59,14.7,no,no
1528,Modell Muffins,Modell,2.44,0.9,7.28,yes,no
1529,Modell Bagels,Modell,3.27,1.6,13.9,yes,no
1530,Modell Blueberry Muffins,Modell,1.27,0.51,14.2,no,no
1531,Modell Wheat Bread,Modell,0.51,0.24,11.7,yes,no
1532,CDR Sesame Oil,CDR,1.39,0.6,8.7,no,no
1533,CDR Chunky Peanut Butter,CDR,2.5,1.03,7.63,yes,yes
1534,CDR Hot Chocolate,CDR,2.78,1,8.77,no,yes
1535,CDR Brown Sugar,CDR,2.92,1.14,10.3,yes,no
1536,CDR White Sugar,CDR,1.33,0.48,6.43,no,yes
1537,CDR French Roast Coffee,CDR,2.73,1.06,16.7,yes,no
1538,CDR Decaf Coffee,CDR,3.4,1.22,10.4,no,no
1539,CDR Regular Coffee,CDR,3.58,1.61,11.3,yes,no
1540,CDR Vegetable Oil,CDR,3.52,1.34,21.4,yes,no
1541,CDR Corn Oil,CDR,2.95,1.42,21.2,yes,yes
1542,CDR Tomato Sauce,CDR,0.95,0.41,8.22,yes,yes
1543,CDR Canola Oil,CDR,2.48,1.04,20.4,yes,yes
1544,CDR Grape Preserves,CDR,1.46,0.57,17,yes,yes
1545,CDR Columbian Coffee,CDR,2.29,1.12,9.52,no,no
1546,CDR Strawberry Jelly,CDR,0.61,0.28,11.3,no,yes
1547,CDR Pepper,CDR,2.38,1.09,16.1,yes,no
1548,CDR Low Fat Apple Butter,CDR,0.67,0.22,21,yes,no
1549,CDR Salt,CDR,1.52,0.74,17.9,no,no
1550,CDR Apple Butter,CDR,1.81,0.83,7.7,no,yes
1551,CDR Oregano,CDR,1.16,0.41,15.3,no,no
1552,CDR Apple Jelly,CDR,2.7,1.3,21.4,yes,no
1553,CDR Grape Jam,CDR,1.86,0.87,13.5,yes,no
1554,CDR Apple Jam,CDR,2.54,0.79,21,yes,yes
1555,CDR Strawberry Jam,CDR,2.95,0.94,21.7,yes,yes
1556,CDR Creamy Peanut Butter,CDR,2.65,1.14,6.94,yes,yes
1557,CDR Strawberry Preserves,CDR,1.2,0.48,15.4,yes,no
1558,CDR Extra Chunky Peanut Butter,CDR,2.16,0.82,11.5,no,yes
1559,CDR Apple Preserves,CDR,1.62,0.62,21,no,no
1560,CDR Grape Jelly,CDR,1.6,0.74,12.5,no,yes
